stage,pin,cell,transition_ns,increment_ns,arrival_ns,edge
clock_to_q,table_i/addresses_reg[7]/Q,DFFPOSX1,0.033886,0.113487,0.113487,f
address_preprocessing,U5289/Y,INVX8,0.041892,0.041213,0.1547,r
address_preprocessing,U1248/Y,XOR2X1,0.020562,0.034485,0.189185,f
address_preprocessing,U5543/Y,NAND3X1,0.041861,0.035842,0.225027,r
address_preprocessing,U5544/Y,NOR3X1,0.026519,0.029137,0.254164,f
address_preprocessing,U5546/Y,NAND3X1,0.037371,0.034298,0.288462,r
address_preprocessing,U4263/Y,OR2X2,0.013425,0.041268,0.329731,r
address_preprocessing,U4264/Y,INVX1,0.013362,0.017957,0.347688,f
bank_candidates,candidates_i/U2140/Y,NAND3X1,0.034924,0.029423,0.377111,r
bank_candidates,candidates_i/U2142/Y,AND2X2,0.011536,0.034937,0.412048,r
bank_candidates,candidates_i/U2143/Y,NAND3X1,0.014391,0.009251,0.421299,f
bank_candidates,candidates_i/U377/Y,INVX1,0.0,0.005304,0.426603,r
bank_candidates,candidates_i/U378/Y,INVX1,0.012707,0.013227,0.43983,f
bank_candidates,candidates_i/U1274/Y,NOR2X1,0.025155,0.027613,0.467443,r
bank_candidates,candidates_i/U393/Y,AND2X2,0.01304,0.034731,0.502175,r
bank_candidates,candidates_i/U562/Y,INVX1,0.011791,0.016756,0.518931,f
bank_candidates,candidates_i/U2167/Y,NOR2X1,0.029847,0.03046,0.549391,r
bank_candidates,candidates_i/U2271/Y,AOI21X1,0.018379,0.021475,0.570866,f
bank_candidates,candidates_i/U2334/Y,NAND3X1,0.040475,0.034463,0.605329,r
bank_candidates,candidates_i/U3058/Y,NOR3X1,0.039349,0.05075,0.656079,f
bank_candidates,candidates_i/U2068/Y,INVX4,0.034871,0.037011,0.69309,r
bank_candidates,candidates_i/U1502/Y,AND2X2,0.015242,0.03675,0.72984,r
bank_candidates,candidates_i/U658/Y,OR2X2,0.00665,0.03636,0.7662,r
bank_candidates,candidates_i/U1402/Y,INVX1,0.013521,0.015908,0.782108,f
bank_candidates,candidates_i/U3168/Y,AOI22X1,0.047677,0.042209,0.824316,r
bank_candidates,candidates_i/U3169/Y,NAND3X1,0.016688,0.019064,0.843381,f
bank_candidates,candidates_i/U3170/Y,NOR2X1,0.024678,0.028455,0.871836,r
bank_candidates,candidates_i/U1514/Y,AND2X2,0.013856,0.035558,0.907394,r
bank_candidates,candidates_i/U1473/Y,NAND2X1,0.01764,0.011849,0.919243,f
bank_candidates,candidates_i/U1475/Y,INVX1,0.0,0.003243,0.922486,r
bank_candidates,candidates_i/U1474/Y,NAND2X1,0.025248,0.011292,0.933779,f
bank_candidates,candidates_i/U3199/Y,NAND3X1,0.039481,0.035357,0.969136,r
bank_candidates,candidates_i/U3248/Y,AOI21X1,0.018062,0.023321,0.992457,f
bank_candidates,candidates_i/U3299/Y,OAI21X1,0.045292,0.046132,1.038589,r
bank_candidates,candidates_i/U3300/Y,NAND3X1,0.016822,0.017917,1.056506,f
bank_candidates,candidates_i/U1483/Y,NAND2X1,0.040198,0.018448,1.074954,r
scheduler,frfcfs.scheduler_i/U850/Y,AND2X2,0.017524,0.038356,1.11331,r
scheduler,frfcfs.scheduler_i/U823/Y,AND2X2,0.026575,0.043367,1.156677,r
scheduler,frfcfs.scheduler_i/U509/Y,NAND2X1,0.020067,0.018249,1.174926,f
scheduler,frfcfs.scheduler_i/U1480/Y,AND2X2,0.002616,0.041987,1.216913,f
scheduler,frfcfs.scheduler_i/U997/Y,NAND3X1,0.035895,0.027388,1.244301,r
scheduler,frfcfs.scheduler_i/U996/Y,NAND2X1,0.018965,0.020194,1.264494,f
scheduler,frfcfs.scheduler_i/U1495/Y,AND2X2,0.0,0.035909,1.300403,f
scheduler,frfcfs.scheduler_i/U1507/Y,NAND3X1,0.0369,0.027379,1.327782,r
scheduler,frfcfs.scheduler_i/U1554/Y,NOR2X1,0.002018,0.020809,1.348591,f
scheduler,frfcfs.scheduler_i/U1557/Y,NAND2X1,0.039687,0.012641,1.361232,r
scheduler,frfcfs.scheduler_i/U507/Y,INVX1,0.016306,0.028333,1.389565,f
scheduler,frfcfs.scheduler_i/U531/Y,INVX1,0.0,0.007815,1.39738,r
scheduler,frfcfs.scheduler_i/U171/Y,AND2X2,0.015299,0.035183,1.432563,r
scheduler,frfcfs.scheduler_i/U172/Y,INVX1,0.010035,0.016272,1.448835,f
scheduler,frfcfs.scheduler_i/U348/Y,AND2X2,0.0028,0.038283,1.487117,f
scheduler,frfcfs.scheduler_i/U1809/Y,AOI22X1,0.044113,0.036682,1.523799,r
scheduler,frfcfs.scheduler_i/U383/Y,NAND2X1,0.019284,0.018329,1.542128,f
scheduler,frfcfs.scheduler_i/U385/Y,INVX1,0.0,0.003558,1.545686,r
scheduler,frfcfs.scheduler_i/U384/Y,NAND2X1,0.027517,0.0158,1.561486,f
scheduler,frfcfs.scheduler_i/U1810/Y,NOR2X1,0.0245,0.031488,1.592974,r
scheduler,frfcfs.scheduler_i/U1819/Y,NAND2X1,0.024239,0.020621,1.613594,f
scheduler,frfcfs.scheduler_i/U1858/Y,NAND2X1,0.035562,0.018117,1.631712,r
scheduler,frfcfs.scheduler_i/U1859/Y,NAND3X1,0.017885,0.022218,1.653929,f
scheduler,frfcfs.scheduler_i/U1860/Y,NAND3X1,0.036133,0.031282,1.685212,r
scheduler,frfcfs.scheduler_i/U1007/Y,NAND2X1,0.021534,0.022094,1.707306,f
scheduler,frfcfs.scheduler_i/U1861/Y,AOI22X1,0.044106,0.029412,1.736718,r
scheduler,frfcfs.scheduler_i/U1862/Y,OAI21X1,0.003327,0.021596,1.758314,f
scheduler,frfcfs.scheduler_i/U441/Y,INVX1,0.0,0.013008,1.771322,r
output_selection,U4798/Y,INVX1,0.020865,0.018838,1.790159,f
output_selection,U4789/Y,AND2X2,0.000565,0.037127,1.827286,f
output_selection,U4804/Y,AND2X2,0.008815,0.036861,1.864147,f
output_selection,U2739/Y,INVX4,0.015327,0.02431,1.888457,r
output_selection,U5302/Y,INVX8,0.011526,0.027063,1.91552,f
output_selection,U3778/Y,INVX8,0.004721,0.018505,1.934026,r
output_selection,U3132/Y,NOR2X1,0.001712,0.010427,1.944453,f
output_selection,U3133/Y,NOR2X1,0.027789,0.0263,1.970752,r
output_selection,U7733/Y,NAND2X1,0.021139,0.01937,1.990123,f
output_selection,U7734/Y,AOI21X1,0.0266,0.020976,2.011099,r
output_selection,U7735/Y,NAND2X1,0.021956,0.016522,2.027621,f
output_selection,U773/Y,MUX2X1,0.077554,0.07369,2.101311,r
