net,driver,stage,fanout,capacitance_ff,net_delay_ns,arrival_ns,edge
table_i/addresses[7],table_i/addresses_reg[7]/Q,clock_to_q,3,13.056,0.0,0.113487,f
n7748,U5289/Y,address_preprocessing,13,66.863,0.0,0.1547,r
n4041,U1248/Y,address_preprocessing,1,2.832,0.0,0.189185,f
n4044,U5543/Y,address_preprocessing,1,3.288,0.0,0.225027,r
n4052,U5544/Y,address_preprocessing,1,2.832,0.0,0.254164,f
n4053,U5546/Y,address_preprocessing,1,2.292,0.0,0.288462,r
n7864,U4263/Y,address_preprocessing,2,3.102,0.0,0.329731,r
n2861,U4264/Y,address_preprocessing,1,2.832,0.0,0.347688,f
candidates_i/n1505,candidates_i/U2140/Y,bank_candidates,1,1.798,0.0,0.377111,r
candidates_i/n1506,candidates_i/U2142/Y,bank_candidates,1,2.961,0.0,0.412048,r
candidates_i/n1535,candidates_i/U2143/Y,bank_candidates,1,1.476,0.0,0.421299,f
candidates_i/n293,candidates_i/U377/Y,bank_candidates,2,3.102,0.0,0.426603,r
candidates_i/n294,candidates_i/U378/Y,bank_candidates,1,2.297,0.0,0.43983,f
candidates_i/n952,candidates_i/U1274/Y,bank_candidates,1,1.798,0.0,0.467443,r
candidates_i/n302,candidates_i/U393/Y,bank_candidates,2,3.102,0.0,0.502175,r
candidates_i/n417,candidates_i/U562/Y,bank_candidates,1,2.297,0.0,0.518931,f
candidates_i/n1667,candidates_i/U2167/Y,bank_candidates,1,2.741,0.0,0.549391,r
candidates_i/n1742,candidates_i/U2271/Y,bank_candidates,1,2.832,0.0,0.570866,f
candidates_i/n2676,candidates_i/U2334/Y,bank_candidates,1,3.021,0.0,0.605329,r
candidates_i/n2677,candidates_i/U3058/Y,bank_candidates,2,6.568,0.0,0.656079,f
candidates_i/n2698,candidates_i/U2068/Y,bank_candidates,13,25.493,0.0,0.69309,r
candidates_i/n2699,candidates_i/U1502/Y,bank_candidates,2,4.584,0.0,0.72984,r
candidates_i/n1267,candidates_i/U658/Y,bank_candidates,1,1.551,0.0,0.7662,r
candidates_i/n1096,candidates_i/U1402/Y,bank_candidates,1,2.726,0.0,0.782108,f
candidates_i/n2793,candidates_i/U3168/Y,bank_candidates,1,2.961,0.0,0.824316,r
candidates_i/n2795,candidates_i/U3169/Y,bank_candidates,1,2.297,0.0,0.843381,f
candidates_i/n2797,candidates_i/U3170/Y,bank_candidates,1,1.798,0.0,0.871836,r
candidates_i/n1302,candidates_i/U1514/Y,bank_candidates,2,3.65,0.0,0.907394,r
candidates_i/n1025,candidates_i/U1473/Y,bank_candidates,1,1.476,0.0,0.919243,f
candidates_i/n1026,candidates_i/U1475/Y,bank_candidates,1,2.111,0.0,0.922486,r
candidates_i/n2834,candidates_i/U1474/Y,bank_candidates,1,2.832,0.0,0.933779,f
candidates_i/n2885,candidates_i/U3199/Y,bank_candidates,1,2.741,0.0,0.969136,r
candidates_i/n2936,candidates_i/U3248/Y,bank_candidates,1,2.573,0.0,0.992457,f
candidates_i/n2937,candidates_i/U3299/Y,bank_candidates,1,2.961,0.0,1.038589,r
candidates_i/n2938,candidates_i/U3300/Y,bank_candidates,1,1.944,0.0,1.056506,f
candidates_i/candidate_slots[0],candidates_i/U1483/Y,bank_candidates,2,3.42,0.0,1.074954,r
frfcfs.scheduler_i/n556,frfcfs.scheduler_i/U850/Y,scheduler,3,5.465,0.0,1.11331,r
frfcfs.scheduler_i/n543,frfcfs.scheduler_i/U823/Y,scheduler,4,9.435,0.0,1.156677,r
frfcfs.scheduler_i/n1314,frfcfs.scheduler_i/U509/Y,scheduler,1,1.82,0.0,1.174926,f
frfcfs.scheduler_i/n1320,frfcfs.scheduler_i/U1480/Y,scheduler,2,4.308,0.0,1.216913,f
frfcfs.scheduler_i/n603,frfcfs.scheduler_i/U997/Y,scheduler,1,2.027,0.0,1.244301,r
frfcfs.scheduler_i/n1334,frfcfs.scheduler_i/U996/Y,scheduler,1,1.763,0.0,1.264494,f
frfcfs.scheduler_i/n1348,frfcfs.scheduler_i/U1495/Y,scheduler,1,2.832,0.0,1.300403,f
frfcfs.scheduler_i/n1407,frfcfs.scheduler_i/U1507/Y,scheduler,1,2.242,0.0,1.327782,r
frfcfs.scheduler_i/n1417,frfcfs.scheduler_i/U1554/Y,scheduler,1,1.944,0.0,1.348591,f
frfcfs.scheduler_i/n1445,frfcfs.scheduler_i/U1557/Y,scheduler,2,3.102,0.0,1.361232,r
frfcfs.scheduler_i/n356,frfcfs.scheduler_i/U507/Y,scheduler,3,4.428,0.0,1.389565,f
frfcfs.scheduler_i/n368,frfcfs.scheduler_i/U531/Y,scheduler,2,3.667,0.0,1.39738,r
frfcfs.scheduler_i/n1428,frfcfs.scheduler_i/U171/Y,scheduler,3,4.653,0.0,1.432563,r
frfcfs.scheduler_i/n103,frfcfs.scheduler_i/U172/Y,scheduler,1,1.763,0.0,1.448835,f
frfcfs.scheduler_i/n244,frfcfs.scheduler_i/U348/Y,scheduler,3,7.147,0.0,1.487117,f
frfcfs.scheduler_i/n1712,frfcfs.scheduler_i/U1809/Y,scheduler,1,2.111,0.0,1.523799,r
frfcfs.scheduler_i/n268,frfcfs.scheduler_i/U383/Y,scheduler,1,1.476,0.0,1.542128,f
frfcfs.scheduler_i/n269,frfcfs.scheduler_i/U385/Y,scheduler,1,2.027,0.0,1.545686,r
frfcfs.scheduler_i/n1715,frfcfs.scheduler_i/U384/Y,scheduler,2,3.773,0.0,1.561486,f
frfcfs.scheduler_i/n1727,frfcfs.scheduler_i/U1810/Y,scheduler,1,2.027,0.0,1.592974,r
frfcfs.scheduler_i/n1785,frfcfs.scheduler_i/U1819/Y,scheduler,2,3.448,0.0,1.613594,f
frfcfs.scheduler_i/n1787,frfcfs.scheduler_i/U1858/Y,scheduler,1,2.548,0.0,1.631712,r
frfcfs.scheduler_i/n1790,frfcfs.scheduler_i/U1859/Y,scheduler,1,2.832,0.0,1.653929,f
frfcfs.scheduler_i/n1792,frfcfs.scheduler_i/U1860/Y,scheduler,1,2.027,0.0,1.685212,r
frfcfs.scheduler_i/n1793,frfcfs.scheduler_i/U1007/Y,scheduler,1,2.826,0.0,1.707306,f
frfcfs.scheduler_i/n1796,frfcfs.scheduler_i/U1861/Y,scheduler,1,2.01,0.0,1.736718,r
frfcfs.scheduler_i/n1865,frfcfs.scheduler_i/U1862/Y,scheduler,1,1.476,0.0,1.758314,f
frfcfs.scheduler_i/select_slot[1],frfcfs.scheduler_i/U441/Y,scheduler,4,6.686,0.0,1.771322,r
n6528,U4798/Y,output_selection,3,5.03,0.0,1.790159,f
n3132,U4789/Y,output_selection,2,3.526,0.0,1.827286,f
n3136,U4804/Y,output_selection,3,8.044,0.0,1.864147,f
n3714,U2739/Y,output_selection,2,20.165,0.0,1.888457,r
n3713,U5302/Y,output_selection,8,29.924,0.0,1.91552,f
n3709,U3778/Y,output_selection,9,21.285,0.0,1.934026,r
n2016,U3132/Y,output_selection,1,2.209,0.0,1.944453,f
n2017,U3133/Y,output_selection,1,2.027,0.0,1.970752,r
n7357,U7733/Y,output_selection,1,2.312,0.0,1.990123,f
n7359,U7734/Y,output_selection,1,2.111,0.0,2.011099,r
n7361,U7735/Y,output_selection,1,2.569,0.0,2.027621,f
cmd_wdata[21],U773/Y,output_selection,1,10.0,0.0,2.101311,r
