policy,workload,ready_percent,metric,mean,stdev,median,minimum,maximum
strict_fcfs,random,100,responses_per_cycle,0.14622398334573883,0.001190916766079641,0.14593214466197596,0.14457134595923088,0.14955507365587378
strict_fcfs,random,100,mean_latency,107.5806,0.8427409478974889,107.761,105.294,108.7985
strict_fcfs,random,100,p95,120.25,1.292692009559488,121.0,117,122
strict_fcfs,random,100,p99,123.95,1.3562719801759993,125.0,121,125
strict_fcfs,random,100,maximum_latency,127.6,2.1618705350983243,129.0,123,131
strict_fcfs,random,50,responses_per_cycle,0.14630391534204704,0.001172287680475324,0.14596942115611106,0.1448960370933855,0.14955507365587378
strict_fcfs,random,50,mean_latency,107.47695,0.8472909600914142,107.655,105.1435,108.7155
strict_fcfs,random,50,p95,155.6,0.99472291830968,156.0,153,157
strict_fcfs,random,50,p99,163.85,0.9880869341680844,164.0,162,165
strict_fcfs,random,50,maximum_latency,172.95,2.394621165511528,173.0,169,179
strict_fcfs,random,20,responses_per_cycle,0.14656342310538611,0.0012814744847404246,0.14618301421009164,0.14486455164421266,0.149947518368571
strict_fcfs,random,20,mean_latency,107.42215,0.8259949518770177,107.58575,105.349,108.549
strict_fcfs,random,20,p95,184.95,0.7591546545162482,185.0,183,186
strict_fcfs,random,20,p99,187.85,0.4893604849295929,188.0,187,189
strict_fcfs,random,20,maximum_latency,189.45,0.6863327411532597,189.0,188,191
strict_fcfs,hot_cold,100,responses_per_cycle,0.36075036075036077,0.0,0.36075036075036077,0.36075036075036077,0.36075036075036077
strict_fcfs,hot_cold,100,mean_latency,43,0.0,43.0,43,43
strict_fcfs,hot_cold,100,p95,44,0.0,44.0,44,44
strict_fcfs,hot_cold,100,p99,44,0.0,44.0,44,44
strict_fcfs,hot_cold,100,maximum_latency,44,0.0,44.0,44,44
strict_fcfs,hot_cold,50,responses_per_cycle,0.31746031746031744,0.0,0.31746031746031744,0.31746031746031744,0.31746031746031744
strict_fcfs,hot_cold,50,mean_latency,48.9425,0.0,48.9425,48.9425,48.9425
strict_fcfs,hot_cold,50,p95,83,0.0,83.0,83,83
strict_fcfs,hot_cold,50,p99,83,0.0,83.0,83,83
strict_fcfs,hot_cold,50,maximum_latency,83,0.0,83.0,83,83
strict_fcfs,hot_cold,20,responses_per_cycle,0.19964064683569574,0.0,0.19964064683569574,0.19964064683569574,0.19964064683569574
strict_fcfs,hot_cold,20,mean_latency,78.883,0.0,78.883,78.883,78.883
strict_fcfs,hot_cold,20,p95,95,0.0,95.0,95,95
strict_fcfs,hot_cold,20,p99,95,0.0,95.0,95,95
strict_fcfs,hot_cold,20,maximum_latency,95,0.0,95.0,95,95
strict_fcfs,hol,100,responses_per_cycle,0.30543677458766033,0.0,0.30543677458766033,0.30543677458766033,0.30543677458766033
strict_fcfs,hol,100,mean_latency,51,0.0,51.0,51,51
strict_fcfs,hol,100,p95,51,0.0,51.0,51,51
strict_fcfs,hol,100,p99,51,0.0,51.0,51,51
strict_fcfs,hol,100,maximum_latency,51,0.0,51.0,51,51
strict_fcfs,hol,50,responses_per_cycle,0.2920987293705272,0.0,0.2920987293705272,0.2920987293705272,0.2920987293705272
strict_fcfs,hol,50,mean_latency,53.4895,0.0,53.4895,53.4895,53.4895
strict_fcfs,hol,50,p95,86,0.0,86.0,86,86
strict_fcfs,hol,50,p99,86,0.0,86.0,86,86
strict_fcfs,hol,50,maximum_latency,86,0.0,86.0,86,86
strict_fcfs,hol,20,responses_per_cycle,0.19952114924181963,0.0,0.19952114924181963,0.19952114924181963,0.19952114924181963
strict_fcfs,hol,20,mean_latency,78.8535,0.0,78.8535,78.8535,78.8535
strict_fcfs,hol,20,p95,95,0.0,95.0,95,95
strict_fcfs,hol,20,p99,95,0.0,95.0,95,95
strict_fcfs,hol,20,maximum_latency,95,0.0,95.0,95,95
frfcfs,random,100,responses_per_cycle,0.4187415049718597,0.002274849651971388,0.41862903132528095,0.41502386387217266,0.42337002540220153
frfcfs,random,100,mean_latency,36.845975,0.19662096015858546,36.854,36.439,37.144
frfcfs,random,100,p95,59.35,0.812727700887249,59.0,58,61
frfcfs,random,100,p99,69.35,1.954078056944394,69.0,66,74
frfcfs,random,100,maximum_latency,86.6,6.099180272790763,88.0,74,95
frfcfs,random,50,responses_per_cycle,0.3202895591320532,0.0013157154931819114,0.32020500502569604,0.317359568390987,0.32278889606197547
frfcfs,random,50,mean_latency,48.420875,0.2113311118027574,48.39375,48.1275,48.936
frfcfs,random,50,p95,86.45,0.5104177855340404,86.0,86,87
frfcfs,random,50,p99,90,0.45883146774112354,90.0,89,91
frfcfs,random,50,maximum_latency,94.6,1.187655806953123,94.0,93,97
frfcfs,random,20,responses_per_cycle,0.19580778620525402,0.0006346585133707122,0.19561815523603593,0.1952362358453729,0.19710259189908347
frfcfs,random,20,mean_latency,80.283125,0.28522303714996905,80.38275,79.607,80.628
frfcfs,random,20,p95,97,0.0,97.0,97,97
frfcfs,random,20,p99,98.05,0.22360679774997896,98.0,98,99
frfcfs,random,20,maximum_latency,99.05,0.22360679774997896,99.0,99,100
frfcfs,hot_cold,100,responses_per_cycle,0.4814636494944632,0.0,0.4814636494944632,0.4814636494944632,0.4814636494944632
frfcfs,hot_cold,100,mean_latency,31.8585,0.0,31.8585,31.8585,31.8585
frfcfs,hot_cold,100,p95,93,0.0,93.0,93,93
frfcfs,hot_cold,100,p99,333,0.0,333.0,333,333
frfcfs,hot_cold,100,maximum_latency,403,0.0,403.0,403,403
frfcfs,hot_cold,50,responses_per_cycle,0.35032404974601505,0.0,0.35032404974601505,0.35032404974601505,0.35032404974601505
frfcfs,hot_cold,50,mean_latency,44.495,0.0,44.495,44.495,44.495
frfcfs,hot_cold,50,p95,79,0.0,79.0,79,79
frfcfs,hot_cold,50,p99,96,0.0,96.0,96,96
frfcfs,hot_cold,50,maximum_latency,99,0.0,99.0,99,99
frfcfs,hot_cold,20,responses_per_cycle,0.19964064683569574,0.0,0.19964064683569574,0.19964064683569574,0.19964064683569574
frfcfs,hot_cold,20,mean_latency,78.883,0.0,78.883,78.883,78.883
frfcfs,hot_cold,20,p95,95,0.0,95.0,95,95
frfcfs,hot_cold,20,p99,97,0.0,97.0,97,97
frfcfs,hot_cold,20,maximum_latency,97,0.0,97.0,97,97
frfcfs,hol,100,responses_per_cycle,0.49517207229512256,0.0,0.49517207229512256,0.49517207229512256,0.49517207229512256
frfcfs,hol,100,mean_latency,30.9005,0.0,30.9005,30.9005,30.9005
frfcfs,hol,100,p95,85,0.0,85.0,85,85
frfcfs,hol,100,p99,102,0.0,102.0,102,102
frfcfs,hol,100,maximum_latency,105,0.0,105.0,105,105
frfcfs,hol,50,responses_per_cycle,0.37721614485099964,0.0,0.37721614485099964,0.37721614485099964,0.37721614485099964
frfcfs,hol,50,mean_latency,40.944,0.0,40.944,40.944,40.944
frfcfs,hol,50,p95,78,0.0,78.0,78,78
frfcfs,hol,50,p99,83,0.0,83.0,83,83
frfcfs,hol,50,maximum_latency,83,0.0,83.0,83,83
frfcfs,hol,20,responses_per_cycle,0.19970044932601097,0.0,0.19970044932601097,0.19970044932601097,0.19970044932601097
frfcfs,hol,20,mean_latency,79,0.0,79.0,79,79
frfcfs,hol,20,p95,95,0.0,95.0,95,95
frfcfs,hol,20,p99,96,0.0,96.0,96,96
frfcfs,hol,20,maximum_latency,96,0.0,96.0,96,96
frfcfs_aging,random,100,responses_per_cycle,0.4187415049718597,0.002274849651971388,0.41862903132528095,0.41502386387217266,0.42337002540220153
frfcfs_aging,random,100,mean_latency,36.845975,0.19662096015858546,36.854,36.439,37.144
frfcfs_aging,random,100,p95,59.35,0.812727700887249,59.0,58,61
frfcfs_aging,random,100,p99,69.35,1.954078056944394,69.0,66,74
frfcfs_aging,random,100,maximum_latency,86.6,6.099180272790763,88.0,74,95
frfcfs_aging,random,50,responses_per_cycle,0.3202895591320532,0.0013157154931819114,0.32020500502569604,0.317359568390987,0.32278889606197547
frfcfs_aging,random,50,mean_latency,48.420875,0.2113311118027574,48.39375,48.1275,48.936
frfcfs_aging,random,50,p95,86.45,0.5104177855340404,86.0,86,87
frfcfs_aging,random,50,p99,90,0.45883146774112354,90.0,89,91
frfcfs_aging,random,50,maximum_latency,94.6,1.187655806953123,94.0,93,97
frfcfs_aging,random,20,responses_per_cycle,0.19580778620525402,0.0006346585133707122,0.19561815523603593,0.1952362358453729,0.19710259189908347
frfcfs_aging,random,20,mean_latency,80.283125,0.28522303714996905,80.38275,79.607,80.628
frfcfs_aging,random,20,p95,97,0.0,97.0,97,97
frfcfs_aging,random,20,p99,98.05,0.22360679774997896,98.0,98,99
frfcfs_aging,random,20,maximum_latency,99.05,0.22360679774997896,99.0,99,100
frfcfs_aging,hot_cold,100,responses_per_cycle,0.4616805170821791,0.0,0.4616805170821791,0.4616805170821791,0.4616805170821791
frfcfs_aging,hot_cold,100,mean_latency,33.34,0.0,33.34,33.34,33.34
frfcfs_aging,hot_cold,100,p95,47,0.0,47.0,47,47
frfcfs_aging,hot_cold,100,p99,137,0.0,137.0,137,137
frfcfs_aging,hot_cold,100,maximum_latency,137,0.0,137.0,137,137
frfcfs_aging,hot_cold,50,responses_per_cycle,0.35032404974601505,0.0,0.35032404974601505,0.35032404974601505,0.35032404974601505
frfcfs_aging,hot_cold,50,mean_latency,44.495,0.0,44.495,44.495,44.495
frfcfs_aging,hot_cold,50,p95,79,0.0,79.0,79,79
frfcfs_aging,hot_cold,50,p99,96,0.0,96.0,96,96
frfcfs_aging,hot_cold,50,maximum_latency,99,0.0,99.0,99,99
frfcfs_aging,hot_cold,20,responses_per_cycle,0.19964064683569574,0.0,0.19964064683569574,0.19964064683569574,0.19964064683569574
frfcfs_aging,hot_cold,20,mean_latency,78.883,0.0,78.883,78.883,78.883
frfcfs_aging,hot_cold,20,p95,95,0.0,95.0,95,95
frfcfs_aging,hot_cold,20,p99,97,0.0,97.0,97,97
frfcfs_aging,hot_cold,20,maximum_latency,97,0.0,97.0,97,97
frfcfs_aging,hol,100,responses_per_cycle,0.49517207229512256,0.0,0.49517207229512256,0.49517207229512256,0.49517207229512256
frfcfs_aging,hol,100,mean_latency,30.9005,0.0,30.9005,30.9005,30.9005
frfcfs_aging,hol,100,p95,85,0.0,85.0,85,85
frfcfs_aging,hol,100,p99,102,0.0,102.0,102,102
frfcfs_aging,hol,100,maximum_latency,105,0.0,105.0,105,105
frfcfs_aging,hol,50,responses_per_cycle,0.37721614485099964,0.0,0.37721614485099964,0.37721614485099964,0.37721614485099964
frfcfs_aging,hol,50,mean_latency,40.944,0.0,40.944,40.944,40.944
frfcfs_aging,hol,50,p95,78,0.0,78.0,78,78
frfcfs_aging,hol,50,p99,83,0.0,83.0,83,83
frfcfs_aging,hol,50,maximum_latency,83,0.0,83.0,83,83
frfcfs_aging,hol,20,responses_per_cycle,0.19970044932601097,0.0,0.19970044932601097,0.19970044932601097,0.19970044932601097
frfcfs_aging,hol,20,mean_latency,79,0.0,79.0,79,79
frfcfs_aging,hol,20,p95,95,0.0,95.0,95,95
frfcfs_aging,hol,20,p99,96,0.0,96.0,96,96
frfcfs_aging,hol,20,maximum_latency,96,0.0,96.0,96,96
