revision,policy,workload,ready_percent,seed,responses_per_cycle,mean_latency,p95,p99,maximum_latency,accepted,measured,measurement_cycles,path
v1.1,strict_fcfs,random,100,1,0.1485222040695084,105.973,119,121,123,2210,2000,13466,build/runs/stability_v1.1_strict_fcfs_w3_r100_s1
v1.1,strict_fcfs,random,100,2,0.14541224371092046,108.1575,119,125,127,2210,2000,13754,build/runs/stability_v1.1_strict_fcfs_w3_r100_s2
v1.1,strict_fcfs,random,100,3,0.1457725947521866,107.849,119,123,125,2210,2000,13720,build/runs/stability_v1.1_strict_fcfs_w3_r100_s3
v1.1,strict_fcfs,random,100,4,0.14591084847158386,107.8115,121,125,129,2210,2000,13707,build/runs/stability_v1.1_strict_fcfs_w3_r100_s4
v1.1,strict_fcfs,random,100,5,0.14583637159107482,107.8565,119,123,125,2210,2000,13714,build/runs/stability_v1.1_strict_fcfs_w3_r100_s5
v1.1,strict_fcfs,random,100,6,0.14611338398597312,107.7535,121,125,129,2210,2000,13688,build/runs/stability_v1.1_strict_fcfs_w3_r100_s6
v1.1,strict_fcfs,random,100,7,0.1450747134774409,108.386,121,123,129,2210,2000,13786,build/runs/stability_v1.1_strict_fcfs_w3_r100_s7
v1.1,strict_fcfs,random,100,8,0.14615609470914936,107.597,121,125,129,2210,2000,13684,build/runs/stability_v1.1_strict_fcfs_w3_r100_s8
v1.1,strict_fcfs,random,100,9,0.14688601645123384,107.151,119,125,127,2210,2000,13616,build/runs/stability_v1.1_strict_fcfs_w3_r100_s9
v1.1,strict_fcfs,random,100,10,0.1474382602285293,106.6815,121,125,127,2210,2000,13565,build/runs/stability_v1.1_strict_fcfs_w3_r100_s10
v1.1,strict_fcfs,random,100,11,0.14955507365587378,105.294,117,121,123,2210,2000,13373,build/runs/stability_v1.1_strict_fcfs_w3_r100_s11
v1.1,strict_fcfs,random,100,12,0.14630577907827358,107.4975,121,124,127,2210,2000,13670,build/runs/stability_v1.1_strict_fcfs_w3_r100_s12
v1.1,strict_fcfs,random,100,13,0.14511681903932666,108.4005,120,123,129,2210,2000,13782,build/runs/stability_v1.1_strict_fcfs_w3_r100_s13
v1.1,strict_fcfs,random,100,14,0.14590020426028597,107.7685,119,123,129,2210,2000,13708,build/runs/stability_v1.1_strict_fcfs_w3_r100_s14
v1.1,strict_fcfs,random,100,15,0.14494854326714016,108.5675,122,125,129,2210,2000,13798,build/runs/stability_v1.1_strict_fcfs_w3_r100_s15
v1.1,strict_fcfs,random,100,16,0.14667057788207685,107.1545,121,125,129,2210,2000,13636,build/runs/stability_v1.1_strict_fcfs_w3_r100_s16
v1.1,strict_fcfs,random,100,17,0.14457134595923088,108.7985,122,125,129,2210,2000,13834,build/runs/stability_v1.1_strict_fcfs_w3_r100_s17
v1.1,strict_fcfs,random,100,18,0.14595344085236808,107.75,121,123,129,2210,2000,13703,build/runs/stability_v1.1_strict_fcfs_w3_r100_s18
v1.1,strict_fcfs,random,100,19,0.14582573824279985,107.798,121,125,127,2210,2000,13715,build/runs/stability_v1.1_strict_fcfs_w3_r100_s19
v1.1,strict_fcfs,random,100,42,0.14650941322980002,107.3665,121,125,131,2210,2000,13651,build/runs/stability_v1.1_strict_fcfs_w3_r100_s42
v1.1,strict_fcfs,random,50,1,0.1485222040695084,105.873,154,163,169,2210,2000,13466,build/runs/stability_v1.1_strict_fcfs_w3_r50_s1
v1.1,strict_fcfs,random,50,2,0.14541224371092046,108.0605,156,162,174,2210,2000,13754,build/runs/stability_v1.1_strict_fcfs_w3_r50_s2
v1.1,strict_fcfs,random,50,3,0.1458682809423091,107.726,156,164,171,2210,2000,13711,build/runs/stability_v1.1_strict_fcfs_w3_r50_s3
v1.1,strict_fcfs,random,50,4,0.14591084847158386,107.7085,157,165,174,2210,2000,13707,build/runs/stability_v1.1_strict_fcfs_w3_r50_s4
v1.1,strict_fcfs,random,50,5,0.145985401459854,107.7415,155,164,170,2210,2000,13700,build/runs/stability_v1.1_strict_fcfs_w3_r50_s5
v1.1,strict_fcfs,random,50,6,0.14611338398597312,107.6555,155,163,179,2210,2000,13688,build/runs/stability_v1.1_strict_fcfs_w3_r50_s6
v1.1,strict_fcfs,random,50,7,0.1450747134774409,108.289,156,163,172,2210,2000,13786,build/runs/stability_v1.1_strict_fcfs_w3_r50_s7
v1.1,strict_fcfs,random,50,8,0.14638073629510356,107.542,156,164,174,2210,2000,13663,build/runs/stability_v1.1_strict_fcfs_w3_r50_s8
v1.1,strict_fcfs,random,50,9,0.14688601645123384,107.046,156,164,174,2210,2000,13616,build/runs/stability_v1.1_strict_fcfs_w3_r50_s9
v1.1,strict_fcfs,random,50,10,0.1474382602285293,106.602,156,163,172,2210,2000,13565,build/runs/stability_v1.1_strict_fcfs_w3_r50_s10
v1.1,strict_fcfs,random,50,11,0.14955507365587378,105.1435,153,162,170,2210,2000,13373,build/runs/stability_v1.1_strict_fcfs_w3_r50_s11
v1.1,strict_fcfs,random,50,12,0.14679976512037582,107.346,157,165,173,2210,2000,13624,build/runs/stability_v1.1_strict_fcfs_w3_r50_s12
v1.1,strict_fcfs,random,50,13,0.14511681903932666,108.289,156,165,170,2210,2000,13782,build/runs/stability_v1.1_strict_fcfs_w3_r50_s13
v1.1,strict_fcfs,random,50,14,0.14590020426028597,107.6545,155,163,173,2210,2000,13708,build/runs/stability_v1.1_strict_fcfs_w3_r50_s14
v1.1,strict_fcfs,random,50,15,0.14494854326714016,108.455,157,165,173,2210,2000,13798,build/runs/stability_v1.1_strict_fcfs_w3_r50_s15
v1.1,strict_fcfs,random,50,16,0.14667057788207685,107.1185,155,164,173,2210,2000,13636,build/runs/stability_v1.1_strict_fcfs_w3_r50_s16
v1.1,strict_fcfs,random,50,17,0.1448960370933855,108.7155,156,165,177,2210,2000,13803,build/runs/stability_v1.1_strict_fcfs_w3_r50_s17
v1.1,strict_fcfs,random,50,18,0.14595344085236808,107.6515,156,165,173,2210,2000,13703,build/runs/stability_v1.1_strict_fcfs_w3_r50_s18
v1.1,strict_fcfs,random,50,19,0.1459321415541773,107.6745,155,164,173,2210,2000,13705,build/runs/stability_v1.1_strict_fcfs_w3_r50_s19
v1.1,strict_fcfs,random,50,42,0.1467136150234742,107.247,155,164,175,2210,2000,13632,build/runs/stability_v1.1_strict_fcfs_w3_r50_s42
v1.1,strict_fcfs,random,20,1,0.1491869312248247,105.733,184,187,189,2210,2000,13406,build/runs/stability_v1.1_strict_fcfs_w3_r20_s1
v1.1,strict_fcfs,random,20,2,0.1460067163089502,107.9095,184,188,188,2210,2000,13698,build/runs/stability_v1.1_strict_fcfs_w3_r20_s2
v1.1,strict_fcfs,random,20,3,0.1458151064450277,107.644,185,188,189,2210,2000,13716,build/runs/stability_v1.1_strict_fcfs_w3_r20_s3
v1.1,strict_fcfs,random,20,4,0.14584700649019178,107.5875,186,188,190,2210,2000,13713,build/runs/stability_v1.1_strict_fcfs_w3_r20_s4
v1.1,strict_fcfs,random,20,5,0.1460067163089502,107.618,185,188,189,2210,2000,13698,build/runs/stability_v1.1_strict_fcfs_w3_r20_s5
v1.1,strict_fcfs,random,20,6,0.14678899082568808,107.7125,185,188,189,2210,2000,13625,build/runs/stability_v1.1_strict_fcfs_w3_r20_s6
v1.1,strict_fcfs,random,20,7,0.14498006524102935,108.206,186,188,189,2210,2000,13795,build/runs/stability_v1.1_strict_fcfs_w3_r20_s7
v1.1,strict_fcfs,random,20,8,0.14635931211123307,107.4335,185,188,190,2210,2000,13665,build/runs/stability_v1.1_strict_fcfs_w3_r20_s8
v1.1,strict_fcfs,random,20,9,0.14678899082568808,107.098,185,187,190,2210,2000,13625,build/runs/stability_v1.1_strict_fcfs_w3_r20_s9
v1.1,strict_fcfs,random,20,10,0.14823599169878446,106.407,184,188,189,2210,2000,13492,build/runs/stability_v1.1_strict_fcfs_w3_r20_s10
v1.1,strict_fcfs,random,20,11,0.149947518368571,105.349,183,187,190,2210,2000,13338,build/runs/stability_v1.1_strict_fcfs_w3_r20_s11
v1.1,strict_fcfs,random,20,12,0.14678899082568808,107.22,185,188,189,2210,2000,13625,build/runs/stability_v1.1_strict_fcfs_w3_r20_s12
v1.1,strict_fcfs,random,20,13,0.14570887367040652,108.37,185,188,189,2210,2000,13726,build/runs/stability_v1.1_strict_fcfs_w3_r20_s13
v1.1,strict_fcfs,random,20,14,0.14653088138325152,107.672,185,187,189,2210,2000,13649,build/runs/stability_v1.1_strict_fcfs_w3_r20_s14
v1.1,strict_fcfs,random,20,15,0.14575134819997085,108.4775,186,189,190,2210,2000,13722,build/runs/stability_v1.1_strict_fcfs_w3_r20_s15
v1.1,strict_fcfs,random,20,16,0.14723203769140164,106.9975,185,188,191,2210,2000,13584,build/runs/stability_v1.1_strict_fcfs_w3_r20_s16
v1.1,strict_fcfs,random,20,17,0.14486455164421266,108.549,186,188,190,2210,2000,13806,build/runs/stability_v1.1_strict_fcfs_w3_r20_s17
v1.1,strict_fcfs,random,20,18,0.14584700649019178,107.584,185,188,190,2210,2000,13713,build/runs/stability_v1.1_strict_fcfs_w3_r20_s18
v1.1,strict_fcfs,random,20,19,0.14591084847158386,107.5655,185,188,189,2210,2000,13707,build/runs/stability_v1.1_strict_fcfs_w3_r20_s19
v1.1,strict_fcfs,random,20,42,0.14667057788207685,107.3095,185,188,190,2210,2000,13636,build/runs/stability_v1.1_strict_fcfs_w3_r20_s42
v1.1,strict_fcfs,hot_cold,100,1,0.36075036075036077,43,44,44,44,2210,2000,5544,build/runs/stability_v1.1_strict_fcfs_w4_r100_s1
v1.1,strict_fcfs,hot_cold,100,2,0.36075036075036077,43,44,44,44,2210,2000,5544,build/runs/stability_v1.1_strict_fcfs_w4_r100_s2
v1.1,strict_fcfs,hot_cold,100,3,0.36075036075036077,43,44,44,44,2210,2000,5544,build/runs/stability_v1.1_strict_fcfs_w4_r100_s3
v1.1,strict_fcfs,hot_cold,100,4,0.36075036075036077,43,44,44,44,2210,2000,5544,build/runs/stability_v1.1_strict_fcfs_w4_r100_s4
v1.1,strict_fcfs,hot_cold,100,5,0.36075036075036077,43,44,44,44,2210,2000,5544,build/runs/stability_v1.1_strict_fcfs_w4_r100_s5
v1.1,strict_fcfs,hot_cold,100,6,0.36075036075036077,43,44,44,44,2210,2000,5544,build/runs/stability_v1.1_strict_fcfs_w4_r100_s6
v1.1,strict_fcfs,hot_cold,100,7,0.36075036075036077,43,44,44,44,2210,2000,5544,build/runs/stability_v1.1_strict_fcfs_w4_r100_s7
v1.1,strict_fcfs,hot_cold,100,8,0.36075036075036077,43,44,44,44,2210,2000,5544,build/runs/stability_v1.1_strict_fcfs_w4_r100_s8
v1.1,strict_fcfs,hot_cold,100,9,0.36075036075036077,43,44,44,44,2210,2000,5544,build/runs/stability_v1.1_strict_fcfs_w4_r100_s9
v1.1,strict_fcfs,hot_cold,100,10,0.36075036075036077,43,44,44,44,2210,2000,5544,build/runs/stability_v1.1_strict_fcfs_w4_r100_s10
v1.1,strict_fcfs,hot_cold,100,11,0.36075036075036077,43,44,44,44,2210,2000,5544,build/runs/stability_v1.1_strict_fcfs_w4_r100_s11
v1.1,strict_fcfs,hot_cold,100,12,0.36075036075036077,43,44,44,44,2210,2000,5544,build/runs/stability_v1.1_strict_fcfs_w4_r100_s12
v1.1,strict_fcfs,hot_cold,100,13,0.36075036075036077,43,44,44,44,2210,2000,5544,build/runs/stability_v1.1_strict_fcfs_w4_r100_s13
v1.1,strict_fcfs,hot_cold,100,14,0.36075036075036077,43,44,44,44,2210,2000,5544,build/runs/stability_v1.1_strict_fcfs_w4_r100_s14
v1.1,strict_fcfs,hot_cold,100,15,0.36075036075036077,43,44,44,44,2210,2000,5544,build/runs/stability_v1.1_strict_fcfs_w4_r100_s15
v1.1,strict_fcfs,hot_cold,100,16,0.36075036075036077,43,44,44,44,2210,2000,5544,build/runs/stability_v1.1_strict_fcfs_w4_r100_s16
v1.1,strict_fcfs,hot_cold,100,17,0.36075036075036077,43,44,44,44,2210,2000,5544,build/runs/stability_v1.1_strict_fcfs_w4_r100_s17
v1.1,strict_fcfs,hot_cold,100,18,0.36075036075036077,43,44,44,44,2210,2000,5544,build/runs/stability_v1.1_strict_fcfs_w4_r100_s18
v1.1,strict_fcfs,hot_cold,100,19,0.36075036075036077,43,44,44,44,2210,2000,5544,build/runs/stability_v1.1_strict_fcfs_w4_r100_s19
v1.1,strict_fcfs,hot_cold,100,42,0.36075036075036077,43,44,44,44,2210,2000,5544,build/runs/stability_v1.1_strict_fcfs_w4_r100_s42
v1.1,strict_fcfs,hot_cold,50,1,0.31746031746031744,48.9425,83,83,83,2210,2000,6300,build/runs/stability_v1.1_strict_fcfs_w4_r50_s1
v1.1,strict_fcfs,hot_cold,50,2,0.31746031746031744,48.9425,83,83,83,2210,2000,6300,build/runs/stability_v1.1_strict_fcfs_w4_r50_s2
v1.1,strict_fcfs,hot_cold,50,3,0.31746031746031744,48.9425,83,83,83,2210,2000,6300,build/runs/stability_v1.1_strict_fcfs_w4_r50_s3
v1.1,strict_fcfs,hot_cold,50,4,0.31746031746031744,48.9425,83,83,83,2210,2000,6300,build/runs/stability_v1.1_strict_fcfs_w4_r50_s4
v1.1,strict_fcfs,hot_cold,50,5,0.31746031746031744,48.9425,83,83,83,2210,2000,6300,build/runs/stability_v1.1_strict_fcfs_w4_r50_s5
v1.1,strict_fcfs,hot_cold,50,6,0.31746031746031744,48.9425,83,83,83,2210,2000,6300,build/runs/stability_v1.1_strict_fcfs_w4_r50_s6
v1.1,strict_fcfs,hot_cold,50,7,0.31746031746031744,48.9425,83,83,83,2210,2000,6300,build/runs/stability_v1.1_strict_fcfs_w4_r50_s7
v1.1,strict_fcfs,hot_cold,50,8,0.31746031746031744,48.9425,83,83,83,2210,2000,6300,build/runs/stability_v1.1_strict_fcfs_w4_r50_s8
v1.1,strict_fcfs,hot_cold,50,9,0.31746031746031744,48.9425,83,83,83,2210,2000,6300,build/runs/stability_v1.1_strict_fcfs_w4_r50_s9
v1.1,strict_fcfs,hot_cold,50,10,0.31746031746031744,48.9425,83,83,83,2210,2000,6300,build/runs/stability_v1.1_strict_fcfs_w4_r50_s10
v1.1,strict_fcfs,hot_cold,50,11,0.31746031746031744,48.9425,83,83,83,2210,2000,6300,build/runs/stability_v1.1_strict_fcfs_w4_r50_s11
v1.1,strict_fcfs,hot_cold,50,12,0.31746031746031744,48.9425,83,83,83,2210,2000,6300,build/runs/stability_v1.1_strict_fcfs_w4_r50_s12
v1.1,strict_fcfs,hot_cold,50,13,0.31746031746031744,48.9425,83,83,83,2210,2000,6300,build/runs/stability_v1.1_strict_fcfs_w4_r50_s13
v1.1,strict_fcfs,hot_cold,50,14,0.31746031746031744,48.9425,83,83,83,2210,2000,6300,build/runs/stability_v1.1_strict_fcfs_w4_r50_s14
v1.1,strict_fcfs,hot_cold,50,15,0.31746031746031744,48.9425,83,83,83,2210,2000,6300,build/runs/stability_v1.1_strict_fcfs_w4_r50_s15
v1.1,strict_fcfs,hot_cold,50,16,0.31746031746031744,48.9425,83,83,83,2210,2000,6300,build/runs/stability_v1.1_strict_fcfs_w4_r50_s16
v1.1,strict_fcfs,hot_cold,50,17,0.31746031746031744,48.9425,83,83,83,2210,2000,6300,build/runs/stability_v1.1_strict_fcfs_w4_r50_s17
v1.1,strict_fcfs,hot_cold,50,18,0.31746031746031744,48.9425,83,83,83,2210,2000,6300,build/runs/stability_v1.1_strict_fcfs_w4_r50_s18
v1.1,strict_fcfs,hot_cold,50,19,0.31746031746031744,48.9425,83,83,83,2210,2000,6300,build/runs/stability_v1.1_strict_fcfs_w4_r50_s19
v1.1,strict_fcfs,hot_cold,50,42,0.31746031746031744,48.9425,83,83,83,2210,2000,6300,build/runs/stability_v1.1_strict_fcfs_w4_r50_s42
v1.1,strict_fcfs,hot_cold,20,1,0.19964064683569574,78.883,95,95,95,2210,2000,10018,build/runs/stability_v1.1_strict_fcfs_w4_r20_s1
v1.1,strict_fcfs,hot_cold,20,2,0.19964064683569574,78.883,95,95,95,2210,2000,10018,build/runs/stability_v1.1_strict_fcfs_w4_r20_s2
v1.1,strict_fcfs,hot_cold,20,3,0.19964064683569574,78.883,95,95,95,2210,2000,10018,build/runs/stability_v1.1_strict_fcfs_w4_r20_s3
v1.1,strict_fcfs,hot_cold,20,4,0.19964064683569574,78.883,95,95,95,2210,2000,10018,build/runs/stability_v1.1_strict_fcfs_w4_r20_s4
v1.1,strict_fcfs,hot_cold,20,5,0.19964064683569574,78.883,95,95,95,2210,2000,10018,build/runs/stability_v1.1_strict_fcfs_w4_r20_s5
v1.1,strict_fcfs,hot_cold,20,6,0.19964064683569574,78.883,95,95,95,2210,2000,10018,build/runs/stability_v1.1_strict_fcfs_w4_r20_s6
v1.1,strict_fcfs,hot_cold,20,7,0.19964064683569574,78.883,95,95,95,2210,2000,10018,build/runs/stability_v1.1_strict_fcfs_w4_r20_s7
v1.1,strict_fcfs,hot_cold,20,8,0.19964064683569574,78.883,95,95,95,2210,2000,10018,build/runs/stability_v1.1_strict_fcfs_w4_r20_s8
v1.1,strict_fcfs,hot_cold,20,9,0.19964064683569574,78.883,95,95,95,2210,2000,10018,build/runs/stability_v1.1_strict_fcfs_w4_r20_s9
v1.1,strict_fcfs,hot_cold,20,10,0.19964064683569574,78.883,95,95,95,2210,2000,10018,build/runs/stability_v1.1_strict_fcfs_w4_r20_s10
v1.1,strict_fcfs,hot_cold,20,11,0.19964064683569574,78.883,95,95,95,2210,2000,10018,build/runs/stability_v1.1_strict_fcfs_w4_r20_s11
v1.1,strict_fcfs,hot_cold,20,12,0.19964064683569574,78.883,95,95,95,2210,2000,10018,build/runs/stability_v1.1_strict_fcfs_w4_r20_s12
v1.1,strict_fcfs,hot_cold,20,13,0.19964064683569574,78.883,95,95,95,2210,2000,10018,build/runs/stability_v1.1_strict_fcfs_w4_r20_s13
v1.1,strict_fcfs,hot_cold,20,14,0.19964064683569574,78.883,95,95,95,2210,2000,10018,build/runs/stability_v1.1_strict_fcfs_w4_r20_s14
v1.1,strict_fcfs,hot_cold,20,15,0.19964064683569574,78.883,95,95,95,2210,2000,10018,build/runs/stability_v1.1_strict_fcfs_w4_r20_s15
v1.1,strict_fcfs,hot_cold,20,16,0.19964064683569574,78.883,95,95,95,2210,2000,10018,build/runs/stability_v1.1_strict_fcfs_w4_r20_s16
v1.1,strict_fcfs,hot_cold,20,17,0.19964064683569574,78.883,95,95,95,2210,2000,10018,build/runs/stability_v1.1_strict_fcfs_w4_r20_s17
v1.1,strict_fcfs,hot_cold,20,18,0.19964064683569574,78.883,95,95,95,2210,2000,10018,build/runs/stability_v1.1_strict_fcfs_w4_r20_s18
v1.1,strict_fcfs,hot_cold,20,19,0.19964064683569574,78.883,95,95,95,2210,2000,10018,build/runs/stability_v1.1_strict_fcfs_w4_r20_s19
v1.1,strict_fcfs,hot_cold,20,42,0.19964064683569574,78.883,95,95,95,2210,2000,10018,build/runs/stability_v1.1_strict_fcfs_w4_r20_s42
v1.1,strict_fcfs,hol,100,1,0.30543677458766033,51,51,51,51,2210,2000,6548,build/runs/stability_v1.1_strict_fcfs_w5_r100_s1
v1.1,strict_fcfs,hol,100,2,0.30543677458766033,51,51,51,51,2210,2000,6548,build/runs/stability_v1.1_strict_fcfs_w5_r100_s2
v1.1,strict_fcfs,hol,100,3,0.30543677458766033,51,51,51,51,2210,2000,6548,build/runs/stability_v1.1_strict_fcfs_w5_r100_s3
v1.1,strict_fcfs,hol,100,4,0.30543677458766033,51,51,51,51,2210,2000,6548,build/runs/stability_v1.1_strict_fcfs_w5_r100_s4
v1.1,strict_fcfs,hol,100,5,0.30543677458766033,51,51,51,51,2210,2000,6548,build/runs/stability_v1.1_strict_fcfs_w5_r100_s5
v1.1,strict_fcfs,hol,100,6,0.30543677458766033,51,51,51,51,2210,2000,6548,build/runs/stability_v1.1_strict_fcfs_w5_r100_s6
v1.1,strict_fcfs,hol,100,7,0.30543677458766033,51,51,51,51,2210,2000,6548,build/runs/stability_v1.1_strict_fcfs_w5_r100_s7
v1.1,strict_fcfs,hol,100,8,0.30543677458766033,51,51,51,51,2210,2000,6548,build/runs/stability_v1.1_strict_fcfs_w5_r100_s8
v1.1,strict_fcfs,hol,100,9,0.30543677458766033,51,51,51,51,2210,2000,6548,build/runs/stability_v1.1_strict_fcfs_w5_r100_s9
v1.1,strict_fcfs,hol,100,10,0.30543677458766033,51,51,51,51,2210,2000,6548,build/runs/stability_v1.1_strict_fcfs_w5_r100_s10
v1.1,strict_fcfs,hol,100,11,0.30543677458766033,51,51,51,51,2210,2000,6548,build/runs/stability_v1.1_strict_fcfs_w5_r100_s11
v1.1,strict_fcfs,hol,100,12,0.30543677458766033,51,51,51,51,2210,2000,6548,build/runs/stability_v1.1_strict_fcfs_w5_r100_s12
v1.1,strict_fcfs,hol,100,13,0.30543677458766033,51,51,51,51,2210,2000,6548,build/runs/stability_v1.1_strict_fcfs_w5_r100_s13
v1.1,strict_fcfs,hol,100,14,0.30543677458766033,51,51,51,51,2210,2000,6548,build/runs/stability_v1.1_strict_fcfs_w5_r100_s14
v1.1,strict_fcfs,hol,100,15,0.30543677458766033,51,51,51,51,2210,2000,6548,build/runs/stability_v1.1_strict_fcfs_w5_r100_s15
v1.1,strict_fcfs,hol,100,16,0.30543677458766033,51,51,51,51,2210,2000,6548,build/runs/stability_v1.1_strict_fcfs_w5_r100_s16
v1.1,strict_fcfs,hol,100,17,0.30543677458766033,51,51,51,51,2210,2000,6548,build/runs/stability_v1.1_strict_fcfs_w5_r100_s17
v1.1,strict_fcfs,hol,100,18,0.30543677458766033,51,51,51,51,2210,2000,6548,build/runs/stability_v1.1_strict_fcfs_w5_r100_s18
v1.1,strict_fcfs,hol,100,19,0.30543677458766033,51,51,51,51,2210,2000,6548,build/runs/stability_v1.1_strict_fcfs_w5_r100_s19
v1.1,strict_fcfs,hol,100,42,0.30543677458766033,51,51,51,51,2210,2000,6548,build/runs/stability_v1.1_strict_fcfs_w5_r100_s42
v1.1,strict_fcfs,hol,50,1,0.2920987293705272,53.4895,86,86,86,2210,2000,6847,build/runs/stability_v1.1_strict_fcfs_w5_r50_s1
v1.1,strict_fcfs,hol,50,2,0.2920987293705272,53.4895,86,86,86,2210,2000,6847,build/runs/stability_v1.1_strict_fcfs_w5_r50_s2
v1.1,strict_fcfs,hol,50,3,0.2920987293705272,53.4895,86,86,86,2210,2000,6847,build/runs/stability_v1.1_strict_fcfs_w5_r50_s3
v1.1,strict_fcfs,hol,50,4,0.2920987293705272,53.4895,86,86,86,2210,2000,6847,build/runs/stability_v1.1_strict_fcfs_w5_r50_s4
v1.1,strict_fcfs,hol,50,5,0.2920987293705272,53.4895,86,86,86,2210,2000,6847,build/runs/stability_v1.1_strict_fcfs_w5_r50_s5
v1.1,strict_fcfs,hol,50,6,0.2920987293705272,53.4895,86,86,86,2210,2000,6847,build/runs/stability_v1.1_strict_fcfs_w5_r50_s6
v1.1,strict_fcfs,hol,50,7,0.2920987293705272,53.4895,86,86,86,2210,2000,6847,build/runs/stability_v1.1_strict_fcfs_w5_r50_s7
v1.1,strict_fcfs,hol,50,8,0.2920987293705272,53.4895,86,86,86,2210,2000,6847,build/runs/stability_v1.1_strict_fcfs_w5_r50_s8
v1.1,strict_fcfs,hol,50,9,0.2920987293705272,53.4895,86,86,86,2210,2000,6847,build/runs/stability_v1.1_strict_fcfs_w5_r50_s9
v1.1,strict_fcfs,hol,50,10,0.2920987293705272,53.4895,86,86,86,2210,2000,6847,build/runs/stability_v1.1_strict_fcfs_w5_r50_s10
v1.1,strict_fcfs,hol,50,11,0.2920987293705272,53.4895,86,86,86,2210,2000,6847,build/runs/stability_v1.1_strict_fcfs_w5_r50_s11
v1.1,strict_fcfs,hol,50,12,0.2920987293705272,53.4895,86,86,86,2210,2000,6847,build/runs/stability_v1.1_strict_fcfs_w5_r50_s12
v1.1,strict_fcfs,hol,50,13,0.2920987293705272,53.4895,86,86,86,2210,2000,6847,build/runs/stability_v1.1_strict_fcfs_w5_r50_s13
v1.1,strict_fcfs,hol,50,14,0.2920987293705272,53.4895,86,86,86,2210,2000,6847,build/runs/stability_v1.1_strict_fcfs_w5_r50_s14
v1.1,strict_fcfs,hol,50,15,0.2920987293705272,53.4895,86,86,86,2210,2000,6847,build/runs/stability_v1.1_strict_fcfs_w5_r50_s15
v1.1,strict_fcfs,hol,50,16,0.2920987293705272,53.4895,86,86,86,2210,2000,6847,build/runs/stability_v1.1_strict_fcfs_w5_r50_s16
v1.1,strict_fcfs,hol,50,17,0.2920987293705272,53.4895,86,86,86,2210,2000,6847,build/runs/stability_v1.1_strict_fcfs_w5_r50_s17
v1.1,strict_fcfs,hol,50,18,0.2920987293705272,53.4895,86,86,86,2210,2000,6847,build/runs/stability_v1.1_strict_fcfs_w5_r50_s18
v1.1,strict_fcfs,hol,50,19,0.2920987293705272,53.4895,86,86,86,2210,2000,6847,build/runs/stability_v1.1_strict_fcfs_w5_r50_s19
v1.1,strict_fcfs,hol,50,42,0.2920987293705272,53.4895,86,86,86,2210,2000,6847,build/runs/stability_v1.1_strict_fcfs_w5_r50_s42
v1.1,strict_fcfs,hol,20,1,0.19952114924181963,78.8535,95,95,95,2210,2000,10024,build/runs/stability_v1.1_strict_fcfs_w5_r20_s1
v1.1,strict_fcfs,hol,20,2,0.19952114924181963,78.8535,95,95,95,2210,2000,10024,build/runs/stability_v1.1_strict_fcfs_w5_r20_s2
v1.1,strict_fcfs,hol,20,3,0.19952114924181963,78.8535,95,95,95,2210,2000,10024,build/runs/stability_v1.1_strict_fcfs_w5_r20_s3
v1.1,strict_fcfs,hol,20,4,0.19952114924181963,78.8535,95,95,95,2210,2000,10024,build/runs/stability_v1.1_strict_fcfs_w5_r20_s4
v1.1,strict_fcfs,hol,20,5,0.19952114924181963,78.8535,95,95,95,2210,2000,10024,build/runs/stability_v1.1_strict_fcfs_w5_r20_s5
v1.1,strict_fcfs,hol,20,6,0.19952114924181963,78.8535,95,95,95,2210,2000,10024,build/runs/stability_v1.1_strict_fcfs_w5_r20_s6
v1.1,strict_fcfs,hol,20,7,0.19952114924181963,78.8535,95,95,95,2210,2000,10024,build/runs/stability_v1.1_strict_fcfs_w5_r20_s7
v1.1,strict_fcfs,hol,20,8,0.19952114924181963,78.8535,95,95,95,2210,2000,10024,build/runs/stability_v1.1_strict_fcfs_w5_r20_s8
v1.1,strict_fcfs,hol,20,9,0.19952114924181963,78.8535,95,95,95,2210,2000,10024,build/runs/stability_v1.1_strict_fcfs_w5_r20_s9
v1.1,strict_fcfs,hol,20,10,0.19952114924181963,78.8535,95,95,95,2210,2000,10024,build/runs/stability_v1.1_strict_fcfs_w5_r20_s10
v1.1,strict_fcfs,hol,20,11,0.19952114924181963,78.8535,95,95,95,2210,2000,10024,build/runs/stability_v1.1_strict_fcfs_w5_r20_s11
v1.1,strict_fcfs,hol,20,12,0.19952114924181963,78.8535,95,95,95,2210,2000,10024,build/runs/stability_v1.1_strict_fcfs_w5_r20_s12
v1.1,strict_fcfs,hol,20,13,0.19952114924181963,78.8535,95,95,95,2210,2000,10024,build/runs/stability_v1.1_strict_fcfs_w5_r20_s13
v1.1,strict_fcfs,hol,20,14,0.19952114924181963,78.8535,95,95,95,2210,2000,10024,build/runs/stability_v1.1_strict_fcfs_w5_r20_s14
v1.1,strict_fcfs,hol,20,15,0.19952114924181963,78.8535,95,95,95,2210,2000,10024,build/runs/stability_v1.1_strict_fcfs_w5_r20_s15
v1.1,strict_fcfs,hol,20,16,0.19952114924181963,78.8535,95,95,95,2210,2000,10024,build/runs/stability_v1.1_strict_fcfs_w5_r20_s16
v1.1,strict_fcfs,hol,20,17,0.19952114924181963,78.8535,95,95,95,2210,2000,10024,build/runs/stability_v1.1_strict_fcfs_w5_r20_s17
v1.1,strict_fcfs,hol,20,18,0.19952114924181963,78.8535,95,95,95,2210,2000,10024,build/runs/stability_v1.1_strict_fcfs_w5_r20_s18
v1.1,strict_fcfs,hol,20,19,0.19952114924181963,78.8535,95,95,95,2210,2000,10024,build/runs/stability_v1.1_strict_fcfs_w5_r20_s19
v1.1,strict_fcfs,hol,20,42,0.19952114924181963,78.8535,95,95,95,2210,2000,10024,build/runs/stability_v1.1_strict_fcfs_w5_r20_s42
v1.1,frfcfs,random,100,1,0.42337002540220153,36.439,59,70,85,2210,2000,4724,build/runs/stability_v1.1_frfcfs_w3_r100_s1
v1.1,frfcfs,random,100,2,0.4191993292810732,36.7745,60,70,88,2210,2000,4771,build/runs/stability_v1.1_frfcfs_w3_r100_s2
v1.1,frfcfs,random,100,3,0.4180602006688963,36.96,61,71,91,2210,2000,4784,build/runs/stability_v1.1_frfcfs_w3_r100_s3
v1.1,frfcfs,random,100,4,0.4162330905306972,37.0265,60,68,74,2210,2000,4805,build/runs/stability_v1.1_frfcfs_w3_r100_s4
v1.1,frfcfs,random,100,5,0.4153686396677051,37.1375,58,66,92,2210,2000,4815,build/runs/stability_v1.1_frfcfs_w3_r100_s5
v1.1,frfcfs,random,100,6,0.42052144659377627,36.664,59,66,88,2210,2000,4756,build/runs/stability_v1.1_frfcfs_w3_r100_s6
v1.1,frfcfs,random,100,7,0.4184975936388366,36.8935,60,74,95,2210,2000,4779,build/runs/stability_v1.1_frfcfs_w3_r100_s7
v1.1,frfcfs,random,100,8,0.41981528127623846,36.7335,60,70,82,2210,2000,4764,build/runs/stability_v1.1_frfcfs_w3_r100_s8
v1.1,frfcfs,random,100,9,0.4197271773347324,36.8015,59,68,86,2210,2000,4765,build/runs/stability_v1.1_frfcfs_w3_r100_s9
v1.1,frfcfs,random,100,10,0.42202996412745303,36.566,59,67,79,2210,2000,4739,build/runs/stability_v1.1_frfcfs_w3_r100_s10
v1.1,frfcfs,random,100,11,0.4225649693640397,36.5285,59,69,89,2210,2000,4733,build/runs/stability_v1.1_frfcfs_w3_r100_s11
v1.1,frfcfs,random,100,12,0.4170141784820684,37.0015,60,70,91,2210,2000,4796,build/runs/stability_v1.1_frfcfs_w3_r100_s12
v1.1,frfcfs,random,100,13,0.41946308724832215,36.815,58,68,81,2210,2000,4768,build/runs/stability_v1.1_frfcfs_w3_r100_s13
v1.1,frfcfs,random,100,14,0.4183225266680611,36.8675,59,69,76,2210,2000,4781,build/runs/stability_v1.1_frfcfs_w3_r100_s14
v1.1,frfcfs,random,100,15,0.4187604690117253,36.8885,59,71,88,2210,2000,4776,build/runs/stability_v1.1_frfcfs_w3_r100_s15
v1.1,frfcfs,random,100,16,0.4195510803440319,36.7525,58,69,80,2210,2000,4767,build/runs/stability_v1.1_frfcfs_w3_r100_s16
v1.1,frfcfs,random,100,17,0.41502386387217266,37.144,60,69,89,2210,2000,4819,build/runs/stability_v1.1_frfcfs_w3_r100_s17
v1.1,frfcfs,random,100,18,0.41788549937317176,36.8405,59,71,95,2210,2000,4786,build/runs/stability_v1.1_frfcfs_w3_r100_s18
v1.1,frfcfs,random,100,19,0.4161464835622139,37.071,60,69,90,2210,2000,4806,build/runs/stability_v1.1_frfcfs_w3_r100_s19
v1.1,frfcfs,random,100,42,0.4172751929897768,37.0145,60,72,93,2210,2000,4793,build/runs/stability_v1.1_frfcfs_w3_r100_s42
v1.1,frfcfs,random,50,1,0.319642000958926,48.566,87,90,97,2210,2000,6257,build/runs/stability_v1.1_frfcfs_w3_r50_s1
v1.1,frfcfs,random,50,2,0.3209242618741977,48.272,86,90,94,2210,2000,6232,build/runs/stability_v1.1_frfcfs_w3_r50_s2
v1.1,frfcfs,random,50,3,0.31746031746031744,48.8865,87,90,93,2210,2000,6300,build/runs/stability_v1.1_frfcfs_w3_r50_s3
v1.1,frfcfs,random,50,4,0.3197953309881676,48.4515,86,90,94,2210,2000,6254,build/runs/stability_v1.1_frfcfs_w3_r50_s4
v1.1,frfcfs,random,50,5,0.32169856844137046,48.1275,86,90,94,2210,2000,6217,build/runs/stability_v1.1_frfcfs_w3_r50_s5
v1.1,frfcfs,random,50,6,0.32,48.474,87,90,94,2210,2000,6250,build/runs/stability_v1.1_frfcfs_w3_r50_s6
v1.1,frfcfs,random,50,7,0.317359568390987,48.936,87,91,97,2210,2000,6302,build/runs/stability_v1.1_frfcfs_w3_r50_s7
v1.1,frfcfs,random,50,8,0.32169856844137046,48.208,86,90,94,2210,2000,6217,build/runs/stability_v1.1_frfcfs_w3_r50_s8
v1.1,frfcfs,random,50,9,0.32278889606197547,48.2815,86,90,94,2210,2000,6196,build/runs/stability_v1.1_frfcfs_w3_r50_s9
v1.1,frfcfs,random,50,10,0.31959092361776925,48.4355,87,90,95,2210,2000,6258,build/runs/stability_v1.1_frfcfs_w3_r50_s10
v1.1,frfcfs,random,50,11,0.32169856844137046,48.14,86,90,94,2210,2000,6217,build/runs/stability_v1.1_frfcfs_w3_r50_s11
v1.1,frfcfs,random,50,12,0.3199488081906895,48.5555,87,90,94,2210,2000,6251,build/runs/stability_v1.1_frfcfs_w3_r50_s12
v1.1,frfcfs,random,50,13,0.3203588018580811,48.3775,87,90,95,2210,2000,6243,build/runs/stability_v1.1_frfcfs_w3_r50_s13
v1.1,frfcfs,random,50,14,0.3207184092366902,48.3275,86,89,94,2210,2000,6236,build/runs/stability_v1.1_frfcfs_w3_r50_s14
v1.1,frfcfs,random,50,15,0.321078824851501,48.318,86,90,94,2210,2000,6229,build/runs/stability_v1.1_frfcfs_w3_r50_s15
v1.1,frfcfs,random,50,16,0.3209757663296421,48.327,86,90,95,2210,2000,6231,build/runs/stability_v1.1_frfcfs_w3_r50_s16
v1.1,frfcfs,random,50,17,0.31938677738741617,48.565,87,91,97,2210,2000,6262,build/runs/stability_v1.1_frfcfs_w3_r50_s17
v1.1,frfcfs,random,50,18,0.32,48.41,86,89,95,2210,2000,6250,build/runs/stability_v1.1_frfcfs_w3_r50_s18
v1.1,frfcfs,random,50,19,0.3206155819172812,48.287,86,90,93,2210,2000,6238,build/runs/stability_v1.1_frfcfs_w3_r50_s19
v1.1,frfcfs,random,50,42,0.32005120819331095,48.4715,87,90,95,2210,2000,6249,build/runs/stability_v1.1_frfcfs_w3_r50_s42
v1.1,frfcfs,random,20,1,0.19525529629991215,80.456,97,98,99,2210,2000,10243,build/runs/stability_v1.1_frfcfs_w3_r20_s1
v1.1,frfcfs,random,20,2,0.19565642731363725,80.3765,97,98,99,2210,2000,10222,build/runs/stability_v1.1_frfcfs_w3_r20_s2
v1.1,frfcfs,random,20,3,0.1952362358453729,80.628,97,98,99,2210,2000,10244,build/runs/stability_v1.1_frfcfs_w3_r20_s3
v1.1,frfcfs,random,20,4,0.19538882375928096,80.263,97,98,99,2210,2000,10236,build/runs/stability_v1.1_frfcfs_w3_r20_s4
v1.1,frfcfs,random,20,5,0.1968503937007874,79.607,97,98,99,2210,2000,10160,build/runs/stability_v1.1_frfcfs_w3_r20_s5
v1.1,frfcfs,random,20,6,0.1957521777429774,80.457,97,98,99,2210,2000,10217,build/runs/stability_v1.1_frfcfs_w3_r20_s6
v1.1,frfcfs,random,20,7,0.19550342130987292,80.454,97,99,100,2210,2000,10230,build/runs/stability_v1.1_frfcfs_w3_r20_s7
v1.1,frfcfs,random,20,8,0.19536973722770343,80.416,97,98,99,2210,2000,10237,build/runs/stability_v1.1_frfcfs_w3_r20_s8
v1.1,frfcfs,random,20,9,0.19592476489028213,80.384,97,98,99,2210,2000,10208,build/runs/stability_v1.1_frfcfs_w3_r20_s9
v1.1,frfcfs,random,20,10,0.1952362358453729,80.267,97,98,99,2210,2000,10244,build/runs/stability_v1.1_frfcfs_w3_r20_s10
v1.1,frfcfs,random,20,11,0.19594396002743217,80.336,97,98,99,2210,2000,10207,build/runs/stability_v1.1_frfcfs_w3_r20_s11
v1.1,frfcfs,random,20,12,0.19710259189908347,79.7265,97,98,99,2210,2000,10147,build/runs/stability_v1.1_frfcfs_w3_r20_s12
v1.1,frfcfs,random,20,13,0.19563728846718184,80.3815,97,98,99,2210,2000,10223,build/runs/stability_v1.1_frfcfs_w3_r20_s13
v1.1,frfcfs,random,20,14,0.1953125,80.4105,97,98,99,2210,2000,10240,build/runs/stability_v1.1_frfcfs_w3_r20_s14
v1.1,frfcfs,random,20,15,0.19698611247907022,79.845,97,98,99,2210,2000,10153,build/runs/stability_v1.1_frfcfs_w3_r20_s15
v1.1,frfcfs,random,20,16,0.19559902200489,80.4785,97,98,99,2210,2000,10225,build/runs/stability_v1.1_frfcfs_w3_r20_s16
v1.1,frfcfs,random,20,17,0.19694731659281142,79.874,97,98,99,2210,2000,10155,build/runs/stability_v1.1_frfcfs_w3_r20_s17
v1.1,frfcfs,random,20,18,0.1952362358453729,80.5805,97,98,99,2210,2000,10244,build/runs/stability_v1.1_frfcfs_w3_r20_s18
v1.1,frfcfs,random,20,19,0.19563728846718184,80.3035,97,98,99,2210,2000,10223,build/runs/stability_v1.1_frfcfs_w3_r20_s19
v1.1,frfcfs,random,20,42,0.19557989438685702,80.418,97,98,99,2210,2000,10226,build/runs/stability_v1.1_frfcfs_w3_r20_s42
v1.1,frfcfs,hot_cold,100,1,0.4814636494944632,31.8585,93,333,403,2210,2000,4154,build/runs/stability_v1.1_frfcfs_w4_r100_s1
v1.1,frfcfs,hot_cold,100,2,0.4814636494944632,31.8585,93,333,403,2210,2000,4154,build/runs/stability_v1.1_frfcfs_w4_r100_s2
v1.1,frfcfs,hot_cold,100,3,0.4814636494944632,31.8585,93,333,403,2210,2000,4154,build/runs/stability_v1.1_frfcfs_w4_r100_s3
v1.1,frfcfs,hot_cold,100,4,0.4814636494944632,31.8585,93,333,403,2210,2000,4154,build/runs/stability_v1.1_frfcfs_w4_r100_s4
v1.1,frfcfs,hot_cold,100,5,0.4814636494944632,31.8585,93,333,403,2210,2000,4154,build/runs/stability_v1.1_frfcfs_w4_r100_s5
v1.1,frfcfs,hot_cold,100,6,0.4814636494944632,31.8585,93,333,403,2210,2000,4154,build/runs/stability_v1.1_frfcfs_w4_r100_s6
v1.1,frfcfs,hot_cold,100,7,0.4814636494944632,31.8585,93,333,403,2210,2000,4154,build/runs/stability_v1.1_frfcfs_w4_r100_s7
v1.1,frfcfs,hot_cold,100,8,0.4814636494944632,31.8585,93,333,403,2210,2000,4154,build/runs/stability_v1.1_frfcfs_w4_r100_s8
v1.1,frfcfs,hot_cold,100,9,0.4814636494944632,31.8585,93,333,403,2210,2000,4154,build/runs/stability_v1.1_frfcfs_w4_r100_s9
v1.1,frfcfs,hot_cold,100,10,0.4814636494944632,31.8585,93,333,403,2210,2000,4154,build/runs/stability_v1.1_frfcfs_w4_r100_s10
v1.1,frfcfs,hot_cold,100,11,0.4814636494944632,31.8585,93,333,403,2210,2000,4154,build/runs/stability_v1.1_frfcfs_w4_r100_s11
v1.1,frfcfs,hot_cold,100,12,0.4814636494944632,31.8585,93,333,403,2210,2000,4154,build/runs/stability_v1.1_frfcfs_w4_r100_s12
v1.1,frfcfs,hot_cold,100,13,0.4814636494944632,31.8585,93,333,403,2210,2000,4154,build/runs/stability_v1.1_frfcfs_w4_r100_s13
v1.1,frfcfs,hot_cold,100,14,0.4814636494944632,31.8585,93,333,403,2210,2000,4154,build/runs/stability_v1.1_frfcfs_w4_r100_s14
v1.1,frfcfs,hot_cold,100,15,0.4814636494944632,31.8585,93,333,403,2210,2000,4154,build/runs/stability_v1.1_frfcfs_w4_r100_s15
v1.1,frfcfs,hot_cold,100,16,0.4814636494944632,31.8585,93,333,403,2210,2000,4154,build/runs/stability_v1.1_frfcfs_w4_r100_s16
v1.1,frfcfs,hot_cold,100,17,0.4814636494944632,31.8585,93,333,403,2210,2000,4154,build/runs/stability_v1.1_frfcfs_w4_r100_s17
v1.1,frfcfs,hot_cold,100,18,0.4814636494944632,31.8585,93,333,403,2210,2000,4154,build/runs/stability_v1.1_frfcfs_w4_r100_s18
v1.1,frfcfs,hot_cold,100,19,0.4814636494944632,31.8585,93,333,403,2210,2000,4154,build/runs/stability_v1.1_frfcfs_w4_r100_s19
v1.1,frfcfs,hot_cold,100,42,0.4814636494944632,31.8585,93,333,403,2210,2000,4154,build/runs/stability_v1.1_frfcfs_w4_r100_s42
v1.1,frfcfs,hot_cold,50,1,0.35032404974601505,44.495,79,96,99,2210,2000,5709,build/runs/stability_v1.1_frfcfs_w4_r50_s1
v1.1,frfcfs,hot_cold,50,2,0.35032404974601505,44.495,79,96,99,2210,2000,5709,build/runs/stability_v1.1_frfcfs_w4_r50_s2
v1.1,frfcfs,hot_cold,50,3,0.35032404974601505,44.495,79,96,99,2210,2000,5709,build/runs/stability_v1.1_frfcfs_w4_r50_s3
v1.1,frfcfs,hot_cold,50,4,0.35032404974601505,44.495,79,96,99,2210,2000,5709,build/runs/stability_v1.1_frfcfs_w4_r50_s4
v1.1,frfcfs,hot_cold,50,5,0.35032404974601505,44.495,79,96,99,2210,2000,5709,build/runs/stability_v1.1_frfcfs_w4_r50_s5
v1.1,frfcfs,hot_cold,50,6,0.35032404974601505,44.495,79,96,99,2210,2000,5709,build/runs/stability_v1.1_frfcfs_w4_r50_s6
v1.1,frfcfs,hot_cold,50,7,0.35032404974601505,44.495,79,96,99,2210,2000,5709,build/runs/stability_v1.1_frfcfs_w4_r50_s7
v1.1,frfcfs,hot_cold,50,8,0.35032404974601505,44.495,79,96,99,2210,2000,5709,build/runs/stability_v1.1_frfcfs_w4_r50_s8
v1.1,frfcfs,hot_cold,50,9,0.35032404974601505,44.495,79,96,99,2210,2000,5709,build/runs/stability_v1.1_frfcfs_w4_r50_s9
v1.1,frfcfs,hot_cold,50,10,0.35032404974601505,44.495,79,96,99,2210,2000,5709,build/runs/stability_v1.1_frfcfs_w4_r50_s10
v1.1,frfcfs,hot_cold,50,11,0.35032404974601505,44.495,79,96,99,2210,2000,5709,build/runs/stability_v1.1_frfcfs_w4_r50_s11
v1.1,frfcfs,hot_cold,50,12,0.35032404974601505,44.495,79,96,99,2210,2000,5709,build/runs/stability_v1.1_frfcfs_w4_r50_s12
v1.1,frfcfs,hot_cold,50,13,0.35032404974601505,44.495,79,96,99,2210,2000,5709,build/runs/stability_v1.1_frfcfs_w4_r50_s13
v1.1,frfcfs,hot_cold,50,14,0.35032404974601505,44.495,79,96,99,2210,2000,5709,build/runs/stability_v1.1_frfcfs_w4_r50_s14
v1.1,frfcfs,hot_cold,50,15,0.35032404974601505,44.495,79,96,99,2210,2000,5709,build/runs/stability_v1.1_frfcfs_w4_r50_s15
v1.1,frfcfs,hot_cold,50,16,0.35032404974601505,44.495,79,96,99,2210,2000,5709,build/runs/stability_v1.1_frfcfs_w4_r50_s16
v1.1,frfcfs,hot_cold,50,17,0.35032404974601505,44.495,79,96,99,2210,2000,5709,build/runs/stability_v1.1_frfcfs_w4_r50_s17
v1.1,frfcfs,hot_cold,50,18,0.35032404974601505,44.495,79,96,99,2210,2000,5709,build/runs/stability_v1.1_frfcfs_w4_r50_s18
v1.1,frfcfs,hot_cold,50,19,0.35032404974601505,44.495,79,96,99,2210,2000,5709,build/runs/stability_v1.1_frfcfs_w4_r50_s19
v1.1,frfcfs,hot_cold,50,42,0.35032404974601505,44.495,79,96,99,2210,2000,5709,build/runs/stability_v1.1_frfcfs_w4_r50_s42
v1.1,frfcfs,hot_cold,20,1,0.19964064683569574,78.883,95,97,97,2210,2000,10018,build/runs/stability_v1.1_frfcfs_w4_r20_s1
v1.1,frfcfs,hot_cold,20,2,0.19964064683569574,78.883,95,97,97,2210,2000,10018,build/runs/stability_v1.1_frfcfs_w4_r20_s2
v1.1,frfcfs,hot_cold,20,3,0.19964064683569574,78.883,95,97,97,2210,2000,10018,build/runs/stability_v1.1_frfcfs_w4_r20_s3
v1.1,frfcfs,hot_cold,20,4,0.19964064683569574,78.883,95,97,97,2210,2000,10018,build/runs/stability_v1.1_frfcfs_w4_r20_s4
v1.1,frfcfs,hot_cold,20,5,0.19964064683569574,78.883,95,97,97,2210,2000,10018,build/runs/stability_v1.1_frfcfs_w4_r20_s5
v1.1,frfcfs,hot_cold,20,6,0.19964064683569574,78.883,95,97,97,2210,2000,10018,build/runs/stability_v1.1_frfcfs_w4_r20_s6
v1.1,frfcfs,hot_cold,20,7,0.19964064683569574,78.883,95,97,97,2210,2000,10018,build/runs/stability_v1.1_frfcfs_w4_r20_s7
v1.1,frfcfs,hot_cold,20,8,0.19964064683569574,78.883,95,97,97,2210,2000,10018,build/runs/stability_v1.1_frfcfs_w4_r20_s8
v1.1,frfcfs,hot_cold,20,9,0.19964064683569574,78.883,95,97,97,2210,2000,10018,build/runs/stability_v1.1_frfcfs_w4_r20_s9
v1.1,frfcfs,hot_cold,20,10,0.19964064683569574,78.883,95,97,97,2210,2000,10018,build/runs/stability_v1.1_frfcfs_w4_r20_s10
v1.1,frfcfs,hot_cold,20,11,0.19964064683569574,78.883,95,97,97,2210,2000,10018,build/runs/stability_v1.1_frfcfs_w4_r20_s11
v1.1,frfcfs,hot_cold,20,12,0.19964064683569574,78.883,95,97,97,2210,2000,10018,build/runs/stability_v1.1_frfcfs_w4_r20_s12
v1.1,frfcfs,hot_cold,20,13,0.19964064683569574,78.883,95,97,97,2210,2000,10018,build/runs/stability_v1.1_frfcfs_w4_r20_s13
v1.1,frfcfs,hot_cold,20,14,0.19964064683569574,78.883,95,97,97,2210,2000,10018,build/runs/stability_v1.1_frfcfs_w4_r20_s14
v1.1,frfcfs,hot_cold,20,15,0.19964064683569574,78.883,95,97,97,2210,2000,10018,build/runs/stability_v1.1_frfcfs_w4_r20_s15
v1.1,frfcfs,hot_cold,20,16,0.19964064683569574,78.883,95,97,97,2210,2000,10018,build/runs/stability_v1.1_frfcfs_w4_r20_s16
v1.1,frfcfs,hot_cold,20,17,0.19964064683569574,78.883,95,97,97,2210,2000,10018,build/runs/stability_v1.1_frfcfs_w4_r20_s17
v1.1,frfcfs,hot_cold,20,18,0.19964064683569574,78.883,95,97,97,2210,2000,10018,build/runs/stability_v1.1_frfcfs_w4_r20_s18
v1.1,frfcfs,hot_cold,20,19,0.19964064683569574,78.883,95,97,97,2210,2000,10018,build/runs/stability_v1.1_frfcfs_w4_r20_s19
v1.1,frfcfs,hot_cold,20,42,0.19964064683569574,78.883,95,97,97,2210,2000,10018,build/runs/stability_v1.1_frfcfs_w4_r20_s42
v1.1,frfcfs,hol,100,1,0.49517207229512256,30.9005,85,102,105,2210,2000,4039,build/runs/stability_v1.1_frfcfs_w5_r100_s1
v1.1,frfcfs,hol,100,2,0.49517207229512256,30.9005,85,102,105,2210,2000,4039,build/runs/stability_v1.1_frfcfs_w5_r100_s2
v1.1,frfcfs,hol,100,3,0.49517207229512256,30.9005,85,102,105,2210,2000,4039,build/runs/stability_v1.1_frfcfs_w5_r100_s3
v1.1,frfcfs,hol,100,4,0.49517207229512256,30.9005,85,102,105,2210,2000,4039,build/runs/stability_v1.1_frfcfs_w5_r100_s4
v1.1,frfcfs,hol,100,5,0.49517207229512256,30.9005,85,102,105,2210,2000,4039,build/runs/stability_v1.1_frfcfs_w5_r100_s5
v1.1,frfcfs,hol,100,6,0.49517207229512256,30.9005,85,102,105,2210,2000,4039,build/runs/stability_v1.1_frfcfs_w5_r100_s6
v1.1,frfcfs,hol,100,7,0.49517207229512256,30.9005,85,102,105,2210,2000,4039,build/runs/stability_v1.1_frfcfs_w5_r100_s7
v1.1,frfcfs,hol,100,8,0.49517207229512256,30.9005,85,102,105,2210,2000,4039,build/runs/stability_v1.1_frfcfs_w5_r100_s8
v1.1,frfcfs,hol,100,9,0.49517207229512256,30.9005,85,102,105,2210,2000,4039,build/runs/stability_v1.1_frfcfs_w5_r100_s9
v1.1,frfcfs,hol,100,10,0.49517207229512256,30.9005,85,102,105,2210,2000,4039,build/runs/stability_v1.1_frfcfs_w5_r100_s10
v1.1,frfcfs,hol,100,11,0.49517207229512256,30.9005,85,102,105,2210,2000,4039,build/runs/stability_v1.1_frfcfs_w5_r100_s11
v1.1,frfcfs,hol,100,12,0.49517207229512256,30.9005,85,102,105,2210,2000,4039,build/runs/stability_v1.1_frfcfs_w5_r100_s12
v1.1,frfcfs,hol,100,13,0.49517207229512256,30.9005,85,102,105,2210,2000,4039,build/runs/stability_v1.1_frfcfs_w5_r100_s13
v1.1,frfcfs,hol,100,14,0.49517207229512256,30.9005,85,102,105,2210,2000,4039,build/runs/stability_v1.1_frfcfs_w5_r100_s14
v1.1,frfcfs,hol,100,15,0.49517207229512256,30.9005,85,102,105,2210,2000,4039,build/runs/stability_v1.1_frfcfs_w5_r100_s15
v1.1,frfcfs,hol,100,16,0.49517207229512256,30.9005,85,102,105,2210,2000,4039,build/runs/stability_v1.1_frfcfs_w5_r100_s16
v1.1,frfcfs,hol,100,17,0.49517207229512256,30.9005,85,102,105,2210,2000,4039,build/runs/stability_v1.1_frfcfs_w5_r100_s17
v1.1,frfcfs,hol,100,18,0.49517207229512256,30.9005,85,102,105,2210,2000,4039,build/runs/stability_v1.1_frfcfs_w5_r100_s18
v1.1,frfcfs,hol,100,19,0.49517207229512256,30.9005,85,102,105,2210,2000,4039,build/runs/stability_v1.1_frfcfs_w5_r100_s19
v1.1,frfcfs,hol,100,42,0.49517207229512256,30.9005,85,102,105,2210,2000,4039,build/runs/stability_v1.1_frfcfs_w5_r100_s42
v1.1,frfcfs,hol,50,1,0.37721614485099964,40.944,78,83,83,2210,2000,5302,build/runs/stability_v1.1_frfcfs_w5_r50_s1
v1.1,frfcfs,hol,50,2,0.37721614485099964,40.944,78,83,83,2210,2000,5302,build/runs/stability_v1.1_frfcfs_w5_r50_s2
v1.1,frfcfs,hol,50,3,0.37721614485099964,40.944,78,83,83,2210,2000,5302,build/runs/stability_v1.1_frfcfs_w5_r50_s3
v1.1,frfcfs,hol,50,4,0.37721614485099964,40.944,78,83,83,2210,2000,5302,build/runs/stability_v1.1_frfcfs_w5_r50_s4
v1.1,frfcfs,hol,50,5,0.37721614485099964,40.944,78,83,83,2210,2000,5302,build/runs/stability_v1.1_frfcfs_w5_r50_s5
v1.1,frfcfs,hol,50,6,0.37721614485099964,40.944,78,83,83,2210,2000,5302,build/runs/stability_v1.1_frfcfs_w5_r50_s6
v1.1,frfcfs,hol,50,7,0.37721614485099964,40.944,78,83,83,2210,2000,5302,build/runs/stability_v1.1_frfcfs_w5_r50_s7
v1.1,frfcfs,hol,50,8,0.37721614485099964,40.944,78,83,83,2210,2000,5302,build/runs/stability_v1.1_frfcfs_w5_r50_s8
v1.1,frfcfs,hol,50,9,0.37721614485099964,40.944,78,83,83,2210,2000,5302,build/runs/stability_v1.1_frfcfs_w5_r50_s9
v1.1,frfcfs,hol,50,10,0.37721614485099964,40.944,78,83,83,2210,2000,5302,build/runs/stability_v1.1_frfcfs_w5_r50_s10
v1.1,frfcfs,hol,50,11,0.37721614485099964,40.944,78,83,83,2210,2000,5302,build/runs/stability_v1.1_frfcfs_w5_r50_s11
v1.1,frfcfs,hol,50,12,0.37721614485099964,40.944,78,83,83,2210,2000,5302,build/runs/stability_v1.1_frfcfs_w5_r50_s12
v1.1,frfcfs,hol,50,13,0.37721614485099964,40.944,78,83,83,2210,2000,5302,build/runs/stability_v1.1_frfcfs_w5_r50_s13
v1.1,frfcfs,hol,50,14,0.37721614485099964,40.944,78,83,83,2210,2000,5302,build/runs/stability_v1.1_frfcfs_w5_r50_s14
v1.1,frfcfs,hol,50,15,0.37721614485099964,40.944,78,83,83,2210,2000,5302,build/runs/stability_v1.1_frfcfs_w5_r50_s15
v1.1,frfcfs,hol,50,16,0.37721614485099964,40.944,78,83,83,2210,2000,5302,build/runs/stability_v1.1_frfcfs_w5_r50_s16
v1.1,frfcfs,hol,50,17,0.37721614485099964,40.944,78,83,83,2210,2000,5302,build/runs/stability_v1.1_frfcfs_w5_r50_s17
v1.1,frfcfs,hol,50,18,0.37721614485099964,40.944,78,83,83,2210,2000,5302,build/runs/stability_v1.1_frfcfs_w5_r50_s18
v1.1,frfcfs,hol,50,19,0.37721614485099964,40.944,78,83,83,2210,2000,5302,build/runs/stability_v1.1_frfcfs_w5_r50_s19
v1.1,frfcfs,hol,50,42,0.37721614485099964,40.944,78,83,83,2210,2000,5302,build/runs/stability_v1.1_frfcfs_w5_r50_s42
v1.1,frfcfs,hol,20,1,0.19970044932601097,79,95,96,96,2210,2000,10015,build/runs/stability_v1.1_frfcfs_w5_r20_s1
v1.1,frfcfs,hol,20,2,0.19970044932601097,79,95,96,96,2210,2000,10015,build/runs/stability_v1.1_frfcfs_w5_r20_s2
v1.1,frfcfs,hol,20,3,0.19970044932601097,79,95,96,96,2210,2000,10015,build/runs/stability_v1.1_frfcfs_w5_r20_s3
v1.1,frfcfs,hol,20,4,0.19970044932601097,79,95,96,96,2210,2000,10015,build/runs/stability_v1.1_frfcfs_w5_r20_s4
v1.1,frfcfs,hol,20,5,0.19970044932601097,79,95,96,96,2210,2000,10015,build/runs/stability_v1.1_frfcfs_w5_r20_s5
v1.1,frfcfs,hol,20,6,0.19970044932601097,79,95,96,96,2210,2000,10015,build/runs/stability_v1.1_frfcfs_w5_r20_s6
v1.1,frfcfs,hol,20,7,0.19970044932601097,79,95,96,96,2210,2000,10015,build/runs/stability_v1.1_frfcfs_w5_r20_s7
v1.1,frfcfs,hol,20,8,0.19970044932601097,79,95,96,96,2210,2000,10015,build/runs/stability_v1.1_frfcfs_w5_r20_s8
v1.1,frfcfs,hol,20,9,0.19970044932601097,79,95,96,96,2210,2000,10015,build/runs/stability_v1.1_frfcfs_w5_r20_s9
v1.1,frfcfs,hol,20,10,0.19970044932601097,79,95,96,96,2210,2000,10015,build/runs/stability_v1.1_frfcfs_w5_r20_s10
v1.1,frfcfs,hol,20,11,0.19970044932601097,79,95,96,96,2210,2000,10015,build/runs/stability_v1.1_frfcfs_w5_r20_s11
v1.1,frfcfs,hol,20,12,0.19970044932601097,79,95,96,96,2210,2000,10015,build/runs/stability_v1.1_frfcfs_w5_r20_s12
v1.1,frfcfs,hol,20,13,0.19970044932601097,79,95,96,96,2210,2000,10015,build/runs/stability_v1.1_frfcfs_w5_r20_s13
v1.1,frfcfs,hol,20,14,0.19970044932601097,79,95,96,96,2210,2000,10015,build/runs/stability_v1.1_frfcfs_w5_r20_s14
v1.1,frfcfs,hol,20,15,0.19970044932601097,79,95,96,96,2210,2000,10015,build/runs/stability_v1.1_frfcfs_w5_r20_s15
v1.1,frfcfs,hol,20,16,0.19970044932601097,79,95,96,96,2210,2000,10015,build/runs/stability_v1.1_frfcfs_w5_r20_s16
v1.1,frfcfs,hol,20,17,0.19970044932601097,79,95,96,96,2210,2000,10015,build/runs/stability_v1.1_frfcfs_w5_r20_s17
v1.1,frfcfs,hol,20,18,0.19970044932601097,79,95,96,96,2210,2000,10015,build/runs/stability_v1.1_frfcfs_w5_r20_s18
v1.1,frfcfs,hol,20,19,0.19970044932601097,79,95,96,96,2210,2000,10015,build/runs/stability_v1.1_frfcfs_w5_r20_s19
v1.1,frfcfs,hol,20,42,0.19970044932601097,79,95,96,96,2210,2000,10015,build/runs/stability_v1.1_frfcfs_w5_r20_s42
v1.1,frfcfs_aging,random,100,1,0.42337002540220153,36.439,59,70,85,2210,2000,4724,build/runs/stability_v1.1_frfcfs_aging_w3_r100_s1
v1.1,frfcfs_aging,random,100,2,0.4191993292810732,36.7745,60,70,88,2210,2000,4771,build/runs/stability_v1.1_frfcfs_aging_w3_r100_s2
v1.1,frfcfs_aging,random,100,3,0.4180602006688963,36.96,61,71,91,2210,2000,4784,build/runs/stability_v1.1_frfcfs_aging_w3_r100_s3
v1.1,frfcfs_aging,random,100,4,0.4162330905306972,37.0265,60,68,74,2210,2000,4805,build/runs/stability_v1.1_frfcfs_aging_w3_r100_s4
v1.1,frfcfs_aging,random,100,5,0.4153686396677051,37.1375,58,66,92,2210,2000,4815,build/runs/stability_v1.1_frfcfs_aging_w3_r100_s5
v1.1,frfcfs_aging,random,100,6,0.42052144659377627,36.664,59,66,88,2210,2000,4756,build/runs/stability_v1.1_frfcfs_aging_w3_r100_s6
v1.1,frfcfs_aging,random,100,7,0.4184975936388366,36.8935,60,74,95,2210,2000,4779,build/runs/stability_v1.1_frfcfs_aging_w3_r100_s7
v1.1,frfcfs_aging,random,100,8,0.41981528127623846,36.7335,60,70,82,2210,2000,4764,build/runs/stability_v1.1_frfcfs_aging_w3_r100_s8
v1.1,frfcfs_aging,random,100,9,0.4197271773347324,36.8015,59,68,86,2210,2000,4765,build/runs/stability_v1.1_frfcfs_aging_w3_r100_s9
v1.1,frfcfs_aging,random,100,10,0.42202996412745303,36.566,59,67,79,2210,2000,4739,build/runs/stability_v1.1_frfcfs_aging_w3_r100_s10
v1.1,frfcfs_aging,random,100,11,0.4225649693640397,36.5285,59,69,89,2210,2000,4733,build/runs/stability_v1.1_frfcfs_aging_w3_r100_s11
v1.1,frfcfs_aging,random,100,12,0.4170141784820684,37.0015,60,70,91,2210,2000,4796,build/runs/stability_v1.1_frfcfs_aging_w3_r100_s12
v1.1,frfcfs_aging,random,100,13,0.41946308724832215,36.815,58,68,81,2210,2000,4768,build/runs/stability_v1.1_frfcfs_aging_w3_r100_s13
v1.1,frfcfs_aging,random,100,14,0.4183225266680611,36.8675,59,69,76,2210,2000,4781,build/runs/stability_v1.1_frfcfs_aging_w3_r100_s14
v1.1,frfcfs_aging,random,100,15,0.4187604690117253,36.8885,59,71,88,2210,2000,4776,build/runs/stability_v1.1_frfcfs_aging_w3_r100_s15
v1.1,frfcfs_aging,random,100,16,0.4195510803440319,36.7525,58,69,80,2210,2000,4767,build/runs/stability_v1.1_frfcfs_aging_w3_r100_s16
v1.1,frfcfs_aging,random,100,17,0.41502386387217266,37.144,60,69,89,2210,2000,4819,build/runs/stability_v1.1_frfcfs_aging_w3_r100_s17
v1.1,frfcfs_aging,random,100,18,0.41788549937317176,36.8405,59,71,95,2210,2000,4786,build/runs/stability_v1.1_frfcfs_aging_w3_r100_s18
v1.1,frfcfs_aging,random,100,19,0.4161464835622139,37.071,60,69,90,2210,2000,4806,build/runs/stability_v1.1_frfcfs_aging_w3_r100_s19
v1.1,frfcfs_aging,random,100,42,0.4172751929897768,37.0145,60,72,93,2210,2000,4793,build/runs/stability_v1.1_frfcfs_aging_w3_r100_s42
v1.1,frfcfs_aging,random,50,1,0.319642000958926,48.566,87,90,97,2210,2000,6257,build/runs/stability_v1.1_frfcfs_aging_w3_r50_s1
v1.1,frfcfs_aging,random,50,2,0.3209242618741977,48.272,86,90,94,2210,2000,6232,build/runs/stability_v1.1_frfcfs_aging_w3_r50_s2
v1.1,frfcfs_aging,random,50,3,0.31746031746031744,48.8865,87,90,93,2210,2000,6300,build/runs/stability_v1.1_frfcfs_aging_w3_r50_s3
v1.1,frfcfs_aging,random,50,4,0.3197953309881676,48.4515,86,90,94,2210,2000,6254,build/runs/stability_v1.1_frfcfs_aging_w3_r50_s4
v1.1,frfcfs_aging,random,50,5,0.32169856844137046,48.1275,86,90,94,2210,2000,6217,build/runs/stability_v1.1_frfcfs_aging_w3_r50_s5
v1.1,frfcfs_aging,random,50,6,0.32,48.474,87,90,94,2210,2000,6250,build/runs/stability_v1.1_frfcfs_aging_w3_r50_s6
v1.1,frfcfs_aging,random,50,7,0.317359568390987,48.936,87,91,97,2210,2000,6302,build/runs/stability_v1.1_frfcfs_aging_w3_r50_s7
v1.1,frfcfs_aging,random,50,8,0.32169856844137046,48.208,86,90,94,2210,2000,6217,build/runs/stability_v1.1_frfcfs_aging_w3_r50_s8
v1.1,frfcfs_aging,random,50,9,0.32278889606197547,48.2815,86,90,94,2210,2000,6196,build/runs/stability_v1.1_frfcfs_aging_w3_r50_s9
v1.1,frfcfs_aging,random,50,10,0.31959092361776925,48.4355,87,90,95,2210,2000,6258,build/runs/stability_v1.1_frfcfs_aging_w3_r50_s10
v1.1,frfcfs_aging,random,50,11,0.32169856844137046,48.14,86,90,94,2210,2000,6217,build/runs/stability_v1.1_frfcfs_aging_w3_r50_s11
v1.1,frfcfs_aging,random,50,12,0.3199488081906895,48.5555,87,90,94,2210,2000,6251,build/runs/stability_v1.1_frfcfs_aging_w3_r50_s12
v1.1,frfcfs_aging,random,50,13,0.3203588018580811,48.3775,87,90,95,2210,2000,6243,build/runs/stability_v1.1_frfcfs_aging_w3_r50_s13
v1.1,frfcfs_aging,random,50,14,0.3207184092366902,48.3275,86,89,94,2210,2000,6236,build/runs/stability_v1.1_frfcfs_aging_w3_r50_s14
v1.1,frfcfs_aging,random,50,15,0.321078824851501,48.318,86,90,94,2210,2000,6229,build/runs/stability_v1.1_frfcfs_aging_w3_r50_s15
v1.1,frfcfs_aging,random,50,16,0.3209757663296421,48.327,86,90,95,2210,2000,6231,build/runs/stability_v1.1_frfcfs_aging_w3_r50_s16
v1.1,frfcfs_aging,random,50,17,0.31938677738741617,48.565,87,91,97,2210,2000,6262,build/runs/stability_v1.1_frfcfs_aging_w3_r50_s17
v1.1,frfcfs_aging,random,50,18,0.32,48.41,86,89,95,2210,2000,6250,build/runs/stability_v1.1_frfcfs_aging_w3_r50_s18
v1.1,frfcfs_aging,random,50,19,0.3206155819172812,48.287,86,90,93,2210,2000,6238,build/runs/stability_v1.1_frfcfs_aging_w3_r50_s19
v1.1,frfcfs_aging,random,50,42,0.32005120819331095,48.4715,87,90,95,2210,2000,6249,build/runs/stability_v1.1_frfcfs_aging_w3_r50_s42
v1.1,frfcfs_aging,random,20,1,0.19525529629991215,80.456,97,98,99,2210,2000,10243,build/runs/stability_v1.1_frfcfs_aging_w3_r20_s1
v1.1,frfcfs_aging,random,20,2,0.19565642731363725,80.3765,97,98,99,2210,2000,10222,build/runs/stability_v1.1_frfcfs_aging_w3_r20_s2
v1.1,frfcfs_aging,random,20,3,0.1952362358453729,80.628,97,98,99,2210,2000,10244,build/runs/stability_v1.1_frfcfs_aging_w3_r20_s3
v1.1,frfcfs_aging,random,20,4,0.19538882375928096,80.263,97,98,99,2210,2000,10236,build/runs/stability_v1.1_frfcfs_aging_w3_r20_s4
v1.1,frfcfs_aging,random,20,5,0.1968503937007874,79.607,97,98,99,2210,2000,10160,build/runs/stability_v1.1_frfcfs_aging_w3_r20_s5
v1.1,frfcfs_aging,random,20,6,0.1957521777429774,80.457,97,98,99,2210,2000,10217,build/runs/stability_v1.1_frfcfs_aging_w3_r20_s6
v1.1,frfcfs_aging,random,20,7,0.19550342130987292,80.454,97,99,100,2210,2000,10230,build/runs/stability_v1.1_frfcfs_aging_w3_r20_s7
v1.1,frfcfs_aging,random,20,8,0.19536973722770343,80.416,97,98,99,2210,2000,10237,build/runs/stability_v1.1_frfcfs_aging_w3_r20_s8
v1.1,frfcfs_aging,random,20,9,0.19592476489028213,80.384,97,98,99,2210,2000,10208,build/runs/stability_v1.1_frfcfs_aging_w3_r20_s9
v1.1,frfcfs_aging,random,20,10,0.1952362358453729,80.267,97,98,99,2210,2000,10244,build/runs/stability_v1.1_frfcfs_aging_w3_r20_s10
v1.1,frfcfs_aging,random,20,11,0.19594396002743217,80.336,97,98,99,2210,2000,10207,build/runs/stability_v1.1_frfcfs_aging_w3_r20_s11
v1.1,frfcfs_aging,random,20,12,0.19710259189908347,79.7265,97,98,99,2210,2000,10147,build/runs/stability_v1.1_frfcfs_aging_w3_r20_s12
v1.1,frfcfs_aging,random,20,13,0.19563728846718184,80.3815,97,98,99,2210,2000,10223,build/runs/stability_v1.1_frfcfs_aging_w3_r20_s13
v1.1,frfcfs_aging,random,20,14,0.1953125,80.4105,97,98,99,2210,2000,10240,build/runs/stability_v1.1_frfcfs_aging_w3_r20_s14
v1.1,frfcfs_aging,random,20,15,0.19698611247907022,79.845,97,98,99,2210,2000,10153,build/runs/stability_v1.1_frfcfs_aging_w3_r20_s15
v1.1,frfcfs_aging,random,20,16,0.19559902200489,80.4785,97,98,99,2210,2000,10225,build/runs/stability_v1.1_frfcfs_aging_w3_r20_s16
v1.1,frfcfs_aging,random,20,17,0.19694731659281142,79.874,97,98,99,2210,2000,10155,build/runs/stability_v1.1_frfcfs_aging_w3_r20_s17
v1.1,frfcfs_aging,random,20,18,0.1952362358453729,80.5805,97,98,99,2210,2000,10244,build/runs/stability_v1.1_frfcfs_aging_w3_r20_s18
v1.1,frfcfs_aging,random,20,19,0.19563728846718184,80.3035,97,98,99,2210,2000,10223,build/runs/stability_v1.1_frfcfs_aging_w3_r20_s19
v1.1,frfcfs_aging,random,20,42,0.19557989438685702,80.418,97,98,99,2210,2000,10226,build/runs/stability_v1.1_frfcfs_aging_w3_r20_s42
v1.1,frfcfs_aging,hot_cold,100,1,0.4616805170821791,33.34,47,137,137,2210,2000,4332,build/runs/stability_v1.1_frfcfs_aging_w4_r100_s1
v1.1,frfcfs_aging,hot_cold,100,2,0.4616805170821791,33.34,47,137,137,2210,2000,4332,build/runs/stability_v1.1_frfcfs_aging_w4_r100_s2
v1.1,frfcfs_aging,hot_cold,100,3,0.4616805170821791,33.34,47,137,137,2210,2000,4332,build/runs/stability_v1.1_frfcfs_aging_w4_r100_s3
v1.1,frfcfs_aging,hot_cold,100,4,0.4616805170821791,33.34,47,137,137,2210,2000,4332,build/runs/stability_v1.1_frfcfs_aging_w4_r100_s4
v1.1,frfcfs_aging,hot_cold,100,5,0.4616805170821791,33.34,47,137,137,2210,2000,4332,build/runs/stability_v1.1_frfcfs_aging_w4_r100_s5
v1.1,frfcfs_aging,hot_cold,100,6,0.4616805170821791,33.34,47,137,137,2210,2000,4332,build/runs/stability_v1.1_frfcfs_aging_w4_r100_s6
v1.1,frfcfs_aging,hot_cold,100,7,0.4616805170821791,33.34,47,137,137,2210,2000,4332,build/runs/stability_v1.1_frfcfs_aging_w4_r100_s7
v1.1,frfcfs_aging,hot_cold,100,8,0.4616805170821791,33.34,47,137,137,2210,2000,4332,build/runs/stability_v1.1_frfcfs_aging_w4_r100_s8
v1.1,frfcfs_aging,hot_cold,100,9,0.4616805170821791,33.34,47,137,137,2210,2000,4332,build/runs/stability_v1.1_frfcfs_aging_w4_r100_s9
v1.1,frfcfs_aging,hot_cold,100,10,0.4616805170821791,33.34,47,137,137,2210,2000,4332,build/runs/stability_v1.1_frfcfs_aging_w4_r100_s10
v1.1,frfcfs_aging,hot_cold,100,11,0.4616805170821791,33.34,47,137,137,2210,2000,4332,build/runs/stability_v1.1_frfcfs_aging_w4_r100_s11
v1.1,frfcfs_aging,hot_cold,100,12,0.4616805170821791,33.34,47,137,137,2210,2000,4332,build/runs/stability_v1.1_frfcfs_aging_w4_r100_s12
v1.1,frfcfs_aging,hot_cold,100,13,0.4616805170821791,33.34,47,137,137,2210,2000,4332,build/runs/stability_v1.1_frfcfs_aging_w4_r100_s13
v1.1,frfcfs_aging,hot_cold,100,14,0.4616805170821791,33.34,47,137,137,2210,2000,4332,build/runs/stability_v1.1_frfcfs_aging_w4_r100_s14
v1.1,frfcfs_aging,hot_cold,100,15,0.4616805170821791,33.34,47,137,137,2210,2000,4332,build/runs/stability_v1.1_frfcfs_aging_w4_r100_s15
v1.1,frfcfs_aging,hot_cold,100,16,0.4616805170821791,33.34,47,137,137,2210,2000,4332,build/runs/stability_v1.1_frfcfs_aging_w4_r100_s16
v1.1,frfcfs_aging,hot_cold,100,17,0.4616805170821791,33.34,47,137,137,2210,2000,4332,build/runs/stability_v1.1_frfcfs_aging_w4_r100_s17
v1.1,frfcfs_aging,hot_cold,100,18,0.4616805170821791,33.34,47,137,137,2210,2000,4332,build/runs/stability_v1.1_frfcfs_aging_w4_r100_s18
v1.1,frfcfs_aging,hot_cold,100,19,0.4616805170821791,33.34,47,137,137,2210,2000,4332,build/runs/stability_v1.1_frfcfs_aging_w4_r100_s19
v1.1,frfcfs_aging,hot_cold,100,42,0.4616805170821791,33.34,47,137,137,2210,2000,4332,build/runs/stability_v1.1_frfcfs_aging_w4_r100_s42
v1.1,frfcfs_aging,hot_cold,50,1,0.35032404974601505,44.495,79,96,99,2210,2000,5709,build/runs/stability_v1.1_frfcfs_aging_w4_r50_s1
v1.1,frfcfs_aging,hot_cold,50,2,0.35032404974601505,44.495,79,96,99,2210,2000,5709,build/runs/stability_v1.1_frfcfs_aging_w4_r50_s2
v1.1,frfcfs_aging,hot_cold,50,3,0.35032404974601505,44.495,79,96,99,2210,2000,5709,build/runs/stability_v1.1_frfcfs_aging_w4_r50_s3
v1.1,frfcfs_aging,hot_cold,50,4,0.35032404974601505,44.495,79,96,99,2210,2000,5709,build/runs/stability_v1.1_frfcfs_aging_w4_r50_s4
v1.1,frfcfs_aging,hot_cold,50,5,0.35032404974601505,44.495,79,96,99,2210,2000,5709,build/runs/stability_v1.1_frfcfs_aging_w4_r50_s5
v1.1,frfcfs_aging,hot_cold,50,6,0.35032404974601505,44.495,79,96,99,2210,2000,5709,build/runs/stability_v1.1_frfcfs_aging_w4_r50_s6
v1.1,frfcfs_aging,hot_cold,50,7,0.35032404974601505,44.495,79,96,99,2210,2000,5709,build/runs/stability_v1.1_frfcfs_aging_w4_r50_s7
v1.1,frfcfs_aging,hot_cold,50,8,0.35032404974601505,44.495,79,96,99,2210,2000,5709,build/runs/stability_v1.1_frfcfs_aging_w4_r50_s8
v1.1,frfcfs_aging,hot_cold,50,9,0.35032404974601505,44.495,79,96,99,2210,2000,5709,build/runs/stability_v1.1_frfcfs_aging_w4_r50_s9
v1.1,frfcfs_aging,hot_cold,50,10,0.35032404974601505,44.495,79,96,99,2210,2000,5709,build/runs/stability_v1.1_frfcfs_aging_w4_r50_s10
v1.1,frfcfs_aging,hot_cold,50,11,0.35032404974601505,44.495,79,96,99,2210,2000,5709,build/runs/stability_v1.1_frfcfs_aging_w4_r50_s11
v1.1,frfcfs_aging,hot_cold,50,12,0.35032404974601505,44.495,79,96,99,2210,2000,5709,build/runs/stability_v1.1_frfcfs_aging_w4_r50_s12
v1.1,frfcfs_aging,hot_cold,50,13,0.35032404974601505,44.495,79,96,99,2210,2000,5709,build/runs/stability_v1.1_frfcfs_aging_w4_r50_s13
v1.1,frfcfs_aging,hot_cold,50,14,0.35032404974601505,44.495,79,96,99,2210,2000,5709,build/runs/stability_v1.1_frfcfs_aging_w4_r50_s14
v1.1,frfcfs_aging,hot_cold,50,15,0.35032404974601505,44.495,79,96,99,2210,2000,5709,build/runs/stability_v1.1_frfcfs_aging_w4_r50_s15
v1.1,frfcfs_aging,hot_cold,50,16,0.35032404974601505,44.495,79,96,99,2210,2000,5709,build/runs/stability_v1.1_frfcfs_aging_w4_r50_s16
v1.1,frfcfs_aging,hot_cold,50,17,0.35032404974601505,44.495,79,96,99,2210,2000,5709,build/runs/stability_v1.1_frfcfs_aging_w4_r50_s17
v1.1,frfcfs_aging,hot_cold,50,18,0.35032404974601505,44.495,79,96,99,2210,2000,5709,build/runs/stability_v1.1_frfcfs_aging_w4_r50_s18
v1.1,frfcfs_aging,hot_cold,50,19,0.35032404974601505,44.495,79,96,99,2210,2000,5709,build/runs/stability_v1.1_frfcfs_aging_w4_r50_s19
v1.1,frfcfs_aging,hot_cold,50,42,0.35032404974601505,44.495,79,96,99,2210,2000,5709,build/runs/stability_v1.1_frfcfs_aging_w4_r50_s42
v1.1,frfcfs_aging,hot_cold,20,1,0.19964064683569574,78.883,95,97,97,2210,2000,10018,build/runs/stability_v1.1_frfcfs_aging_w4_r20_s1
v1.1,frfcfs_aging,hot_cold,20,2,0.19964064683569574,78.883,95,97,97,2210,2000,10018,build/runs/stability_v1.1_frfcfs_aging_w4_r20_s2
v1.1,frfcfs_aging,hot_cold,20,3,0.19964064683569574,78.883,95,97,97,2210,2000,10018,build/runs/stability_v1.1_frfcfs_aging_w4_r20_s3
v1.1,frfcfs_aging,hot_cold,20,4,0.19964064683569574,78.883,95,97,97,2210,2000,10018,build/runs/stability_v1.1_frfcfs_aging_w4_r20_s4
v1.1,frfcfs_aging,hot_cold,20,5,0.19964064683569574,78.883,95,97,97,2210,2000,10018,build/runs/stability_v1.1_frfcfs_aging_w4_r20_s5
v1.1,frfcfs_aging,hot_cold,20,6,0.19964064683569574,78.883,95,97,97,2210,2000,10018,build/runs/stability_v1.1_frfcfs_aging_w4_r20_s6
v1.1,frfcfs_aging,hot_cold,20,7,0.19964064683569574,78.883,95,97,97,2210,2000,10018,build/runs/stability_v1.1_frfcfs_aging_w4_r20_s7
v1.1,frfcfs_aging,hot_cold,20,8,0.19964064683569574,78.883,95,97,97,2210,2000,10018,build/runs/stability_v1.1_frfcfs_aging_w4_r20_s8
v1.1,frfcfs_aging,hot_cold,20,9,0.19964064683569574,78.883,95,97,97,2210,2000,10018,build/runs/stability_v1.1_frfcfs_aging_w4_r20_s9
v1.1,frfcfs_aging,hot_cold,20,10,0.19964064683569574,78.883,95,97,97,2210,2000,10018,build/runs/stability_v1.1_frfcfs_aging_w4_r20_s10
v1.1,frfcfs_aging,hot_cold,20,11,0.19964064683569574,78.883,95,97,97,2210,2000,10018,build/runs/stability_v1.1_frfcfs_aging_w4_r20_s11
v1.1,frfcfs_aging,hot_cold,20,12,0.19964064683569574,78.883,95,97,97,2210,2000,10018,build/runs/stability_v1.1_frfcfs_aging_w4_r20_s12
v1.1,frfcfs_aging,hot_cold,20,13,0.19964064683569574,78.883,95,97,97,2210,2000,10018,build/runs/stability_v1.1_frfcfs_aging_w4_r20_s13
v1.1,frfcfs_aging,hot_cold,20,14,0.19964064683569574,78.883,95,97,97,2210,2000,10018,build/runs/stability_v1.1_frfcfs_aging_w4_r20_s14
v1.1,frfcfs_aging,hot_cold,20,15,0.19964064683569574,78.883,95,97,97,2210,2000,10018,build/runs/stability_v1.1_frfcfs_aging_w4_r20_s15
v1.1,frfcfs_aging,hot_cold,20,16,0.19964064683569574,78.883,95,97,97,2210,2000,10018,build/runs/stability_v1.1_frfcfs_aging_w4_r20_s16
v1.1,frfcfs_aging,hot_cold,20,17,0.19964064683569574,78.883,95,97,97,2210,2000,10018,build/runs/stability_v1.1_frfcfs_aging_w4_r20_s17
v1.1,frfcfs_aging,hot_cold,20,18,0.19964064683569574,78.883,95,97,97,2210,2000,10018,build/runs/stability_v1.1_frfcfs_aging_w4_r20_s18
v1.1,frfcfs_aging,hot_cold,20,19,0.19964064683569574,78.883,95,97,97,2210,2000,10018,build/runs/stability_v1.1_frfcfs_aging_w4_r20_s19
v1.1,frfcfs_aging,hot_cold,20,42,0.19964064683569574,78.883,95,97,97,2210,2000,10018,build/runs/stability_v1.1_frfcfs_aging_w4_r20_s42
v1.1,frfcfs_aging,hol,100,1,0.49517207229512256,30.9005,85,102,105,2210,2000,4039,build/runs/stability_v1.1_frfcfs_aging_w5_r100_s1
v1.1,frfcfs_aging,hol,100,2,0.49517207229512256,30.9005,85,102,105,2210,2000,4039,build/runs/stability_v1.1_frfcfs_aging_w5_r100_s2
v1.1,frfcfs_aging,hol,100,3,0.49517207229512256,30.9005,85,102,105,2210,2000,4039,build/runs/stability_v1.1_frfcfs_aging_w5_r100_s3
v1.1,frfcfs_aging,hol,100,4,0.49517207229512256,30.9005,85,102,105,2210,2000,4039,build/runs/stability_v1.1_frfcfs_aging_w5_r100_s4
v1.1,frfcfs_aging,hol,100,5,0.49517207229512256,30.9005,85,102,105,2210,2000,4039,build/runs/stability_v1.1_frfcfs_aging_w5_r100_s5
v1.1,frfcfs_aging,hol,100,6,0.49517207229512256,30.9005,85,102,105,2210,2000,4039,build/runs/stability_v1.1_frfcfs_aging_w5_r100_s6
v1.1,frfcfs_aging,hol,100,7,0.49517207229512256,30.9005,85,102,105,2210,2000,4039,build/runs/stability_v1.1_frfcfs_aging_w5_r100_s7
v1.1,frfcfs_aging,hol,100,8,0.49517207229512256,30.9005,85,102,105,2210,2000,4039,build/runs/stability_v1.1_frfcfs_aging_w5_r100_s8
v1.1,frfcfs_aging,hol,100,9,0.49517207229512256,30.9005,85,102,105,2210,2000,4039,build/runs/stability_v1.1_frfcfs_aging_w5_r100_s9
v1.1,frfcfs_aging,hol,100,10,0.49517207229512256,30.9005,85,102,105,2210,2000,4039,build/runs/stability_v1.1_frfcfs_aging_w5_r100_s10
v1.1,frfcfs_aging,hol,100,11,0.49517207229512256,30.9005,85,102,105,2210,2000,4039,build/runs/stability_v1.1_frfcfs_aging_w5_r100_s11
v1.1,frfcfs_aging,hol,100,12,0.49517207229512256,30.9005,85,102,105,2210,2000,4039,build/runs/stability_v1.1_frfcfs_aging_w5_r100_s12
v1.1,frfcfs_aging,hol,100,13,0.49517207229512256,30.9005,85,102,105,2210,2000,4039,build/runs/stability_v1.1_frfcfs_aging_w5_r100_s13
v1.1,frfcfs_aging,hol,100,14,0.49517207229512256,30.9005,85,102,105,2210,2000,4039,build/runs/stability_v1.1_frfcfs_aging_w5_r100_s14
v1.1,frfcfs_aging,hol,100,15,0.49517207229512256,30.9005,85,102,105,2210,2000,4039,build/runs/stability_v1.1_frfcfs_aging_w5_r100_s15
v1.1,frfcfs_aging,hol,100,16,0.49517207229512256,30.9005,85,102,105,2210,2000,4039,build/runs/stability_v1.1_frfcfs_aging_w5_r100_s16
v1.1,frfcfs_aging,hol,100,17,0.49517207229512256,30.9005,85,102,105,2210,2000,4039,build/runs/stability_v1.1_frfcfs_aging_w5_r100_s17
v1.1,frfcfs_aging,hol,100,18,0.49517207229512256,30.9005,85,102,105,2210,2000,4039,build/runs/stability_v1.1_frfcfs_aging_w5_r100_s18
v1.1,frfcfs_aging,hol,100,19,0.49517207229512256,30.9005,85,102,105,2210,2000,4039,build/runs/stability_v1.1_frfcfs_aging_w5_r100_s19
v1.1,frfcfs_aging,hol,100,42,0.49517207229512256,30.9005,85,102,105,2210,2000,4039,build/runs/stability_v1.1_frfcfs_aging_w5_r100_s42
v1.1,frfcfs_aging,hol,50,1,0.37721614485099964,40.944,78,83,83,2210,2000,5302,build/runs/stability_v1.1_frfcfs_aging_w5_r50_s1
v1.1,frfcfs_aging,hol,50,2,0.37721614485099964,40.944,78,83,83,2210,2000,5302,build/runs/stability_v1.1_frfcfs_aging_w5_r50_s2
v1.1,frfcfs_aging,hol,50,3,0.37721614485099964,40.944,78,83,83,2210,2000,5302,build/runs/stability_v1.1_frfcfs_aging_w5_r50_s3
v1.1,frfcfs_aging,hol,50,4,0.37721614485099964,40.944,78,83,83,2210,2000,5302,build/runs/stability_v1.1_frfcfs_aging_w5_r50_s4
v1.1,frfcfs_aging,hol,50,5,0.37721614485099964,40.944,78,83,83,2210,2000,5302,build/runs/stability_v1.1_frfcfs_aging_w5_r50_s5
v1.1,frfcfs_aging,hol,50,6,0.37721614485099964,40.944,78,83,83,2210,2000,5302,build/runs/stability_v1.1_frfcfs_aging_w5_r50_s6
v1.1,frfcfs_aging,hol,50,7,0.37721614485099964,40.944,78,83,83,2210,2000,5302,build/runs/stability_v1.1_frfcfs_aging_w5_r50_s7
v1.1,frfcfs_aging,hol,50,8,0.37721614485099964,40.944,78,83,83,2210,2000,5302,build/runs/stability_v1.1_frfcfs_aging_w5_r50_s8
v1.1,frfcfs_aging,hol,50,9,0.37721614485099964,40.944,78,83,83,2210,2000,5302,build/runs/stability_v1.1_frfcfs_aging_w5_r50_s9
v1.1,frfcfs_aging,hol,50,10,0.37721614485099964,40.944,78,83,83,2210,2000,5302,build/runs/stability_v1.1_frfcfs_aging_w5_r50_s10
v1.1,frfcfs_aging,hol,50,11,0.37721614485099964,40.944,78,83,83,2210,2000,5302,build/runs/stability_v1.1_frfcfs_aging_w5_r50_s11
v1.1,frfcfs_aging,hol,50,12,0.37721614485099964,40.944,78,83,83,2210,2000,5302,build/runs/stability_v1.1_frfcfs_aging_w5_r50_s12
v1.1,frfcfs_aging,hol,50,13,0.37721614485099964,40.944,78,83,83,2210,2000,5302,build/runs/stability_v1.1_frfcfs_aging_w5_r50_s13
v1.1,frfcfs_aging,hol,50,14,0.37721614485099964,40.944,78,83,83,2210,2000,5302,build/runs/stability_v1.1_frfcfs_aging_w5_r50_s14
v1.1,frfcfs_aging,hol,50,15,0.37721614485099964,40.944,78,83,83,2210,2000,5302,build/runs/stability_v1.1_frfcfs_aging_w5_r50_s15
v1.1,frfcfs_aging,hol,50,16,0.37721614485099964,40.944,78,83,83,2210,2000,5302,build/runs/stability_v1.1_frfcfs_aging_w5_r50_s16
v1.1,frfcfs_aging,hol,50,17,0.37721614485099964,40.944,78,83,83,2210,2000,5302,build/runs/stability_v1.1_frfcfs_aging_w5_r50_s17
v1.1,frfcfs_aging,hol,50,18,0.37721614485099964,40.944,78,83,83,2210,2000,5302,build/runs/stability_v1.1_frfcfs_aging_w5_r50_s18
v1.1,frfcfs_aging,hol,50,19,0.37721614485099964,40.944,78,83,83,2210,2000,5302,build/runs/stability_v1.1_frfcfs_aging_w5_r50_s19
v1.1,frfcfs_aging,hol,50,42,0.37721614485099964,40.944,78,83,83,2210,2000,5302,build/runs/stability_v1.1_frfcfs_aging_w5_r50_s42
v1.1,frfcfs_aging,hol,20,1,0.19970044932601097,79,95,96,96,2210,2000,10015,build/runs/stability_v1.1_frfcfs_aging_w5_r20_s1
v1.1,frfcfs_aging,hol,20,2,0.19970044932601097,79,95,96,96,2210,2000,10015,build/runs/stability_v1.1_frfcfs_aging_w5_r20_s2
v1.1,frfcfs_aging,hol,20,3,0.19970044932601097,79,95,96,96,2210,2000,10015,build/runs/stability_v1.1_frfcfs_aging_w5_r20_s3
v1.1,frfcfs_aging,hol,20,4,0.19970044932601097,79,95,96,96,2210,2000,10015,build/runs/stability_v1.1_frfcfs_aging_w5_r20_s4
v1.1,frfcfs_aging,hol,20,5,0.19970044932601097,79,95,96,96,2210,2000,10015,build/runs/stability_v1.1_frfcfs_aging_w5_r20_s5
v1.1,frfcfs_aging,hol,20,6,0.19970044932601097,79,95,96,96,2210,2000,10015,build/runs/stability_v1.1_frfcfs_aging_w5_r20_s6
v1.1,frfcfs_aging,hol,20,7,0.19970044932601097,79,95,96,96,2210,2000,10015,build/runs/stability_v1.1_frfcfs_aging_w5_r20_s7
v1.1,frfcfs_aging,hol,20,8,0.19970044932601097,79,95,96,96,2210,2000,10015,build/runs/stability_v1.1_frfcfs_aging_w5_r20_s8
v1.1,frfcfs_aging,hol,20,9,0.19970044932601097,79,95,96,96,2210,2000,10015,build/runs/stability_v1.1_frfcfs_aging_w5_r20_s9
v1.1,frfcfs_aging,hol,20,10,0.19970044932601097,79,95,96,96,2210,2000,10015,build/runs/stability_v1.1_frfcfs_aging_w5_r20_s10
v1.1,frfcfs_aging,hol,20,11,0.19970044932601097,79,95,96,96,2210,2000,10015,build/runs/stability_v1.1_frfcfs_aging_w5_r20_s11
v1.1,frfcfs_aging,hol,20,12,0.19970044932601097,79,95,96,96,2210,2000,10015,build/runs/stability_v1.1_frfcfs_aging_w5_r20_s12
v1.1,frfcfs_aging,hol,20,13,0.19970044932601097,79,95,96,96,2210,2000,10015,build/runs/stability_v1.1_frfcfs_aging_w5_r20_s13
v1.1,frfcfs_aging,hol,20,14,0.19970044932601097,79,95,96,96,2210,2000,10015,build/runs/stability_v1.1_frfcfs_aging_w5_r20_s14
v1.1,frfcfs_aging,hol,20,15,0.19970044932601097,79,95,96,96,2210,2000,10015,build/runs/stability_v1.1_frfcfs_aging_w5_r20_s15
v1.1,frfcfs_aging,hol,20,16,0.19970044932601097,79,95,96,96,2210,2000,10015,build/runs/stability_v1.1_frfcfs_aging_w5_r20_s16
v1.1,frfcfs_aging,hol,20,17,0.19970044932601097,79,95,96,96,2210,2000,10015,build/runs/stability_v1.1_frfcfs_aging_w5_r20_s17
v1.1,frfcfs_aging,hol,20,18,0.19970044932601097,79,95,96,96,2210,2000,10015,build/runs/stability_v1.1_frfcfs_aging_w5_r20_s18
v1.1,frfcfs_aging,hol,20,19,0.19970044932601097,79,95,96,96,2210,2000,10015,build/runs/stability_v1.1_frfcfs_aging_w5_r20_s19
v1.1,frfcfs_aging,hol,20,42,0.19970044932601097,79,95,96,96,2210,2000,10015,build/runs/stability_v1.1_frfcfs_aging_w5_r20_s42
v1.0,strict_fcfs,random,50,1,0.1485222040695084,105.8305,155,163,171,2210,2000,13466,build/runs/stability_v1.0_strict_fcfs_w3_r50_s1
v1.0,strict_fcfs,random,50,2,0.14541224371092046,108.0345,157,164,172,2210,2000,13754,build/runs/stability_v1.0_strict_fcfs_w3_r50_s2
v1.0,strict_fcfs,random,50,3,0.1458895616018674,107.717,157,164,173,2210,2000,13709,build/runs/stability_v1.0_strict_fcfs_w3_r50_s3
v1.0,strict_fcfs,random,50,4,0.1459321415541773,107.666,157,167,174,2210,2000,13705,build/runs/stability_v1.0_strict_fcfs_w3_r50_s4
v1.0,strict_fcfs,random,50,5,0.1460067163089502,107.7285,157,164,172,2210,2000,13698,build/runs/stability_v1.0_strict_fcfs_w3_r50_s5
v1.0,strict_fcfs,random,50,6,0.14611338398597312,107.613,157,165,177,2210,2000,13688,build/runs/stability_v1.0_strict_fcfs_w3_r50_s6
v1.0,strict_fcfs,random,50,7,0.1450747134774409,108.276,157,164,171,2210,2000,13786,build/runs/stability_v1.0_strict_fcfs_w3_r50_s7
v1.0,strict_fcfs,random,50,8,0.14635931211123307,107.5265,156,165,175,2210,2000,13665,build/runs/stability_v1.0_strict_fcfs_w3_r50_s8
v1.0,strict_fcfs,random,50,9,0.14688601645123384,107.0355,155,163,172,2210,2000,13616,build/runs/stability_v1.0_strict_fcfs_w3_r50_s9
v1.0,strict_fcfs,random,50,10,0.1474382602285293,106.5935,156,164,174,2210,2000,13565,build/runs/stability_v1.0_strict_fcfs_w3_r50_s10
v1.0,strict_fcfs,random,50,11,0.1495774437214868,105.132,155,162,171,2210,2000,13371,build/runs/stability_v1.0_strict_fcfs_w3_r50_s11
v1.0,strict_fcfs,random,50,12,0.146756677428823,107.359,157,165,172,2210,2000,13628,build/runs/stability_v1.0_strict_fcfs_w3_r50_s12
v1.0,strict_fcfs,random,50,13,0.14559219625828054,108.2525,158,164,174,2210,2000,13737,build/runs/stability_v1.0_strict_fcfs_w3_r50_s13
v1.0,strict_fcfs,random,50,14,0.14641288433382138,107.623,156,164,174,2210,2000,13660,build/runs/stability_v1.0_strict_fcfs_w3_r50_s14
v1.0,strict_fcfs,random,50,15,0.14494854326714016,108.445,158,167,173,2210,2000,13798,build/runs/stability_v1.0_strict_fcfs_w3_r50_s15
v1.0,strict_fcfs,random,50,16,0.14667057788207685,107.0595,157,165,178,2210,2000,13636,build/runs/stability_v1.0_strict_fcfs_w3_r50_s16
v1.0,strict_fcfs,random,50,17,0.14485405953501848,108.65,157,166,175,2210,2000,13807,build/runs/stability_v1.0_strict_fcfs_w3_r50_s17
v1.0,strict_fcfs,random,50,18,0.14595344085236808,107.6475,157,164,172,2210,2000,13703,build/runs/stability_v1.0_strict_fcfs_w3_r50_s18
v1.0,strict_fcfs,random,50,19,0.14592149423610098,107.666,157,166,175,2210,2000,13706,build/runs/stability_v1.0_strict_fcfs_w3_r50_s19
v1.0,strict_fcfs,random,50,42,0.14669209329617133,107.239,157,165,176,2210,2000,13634,build/runs/stability_v1.0_strict_fcfs_w3_r50_s42
v1.0,frfcfs,random,50,1,0.24906600249066002,63,81,81,89,2210,2000,8030,build/runs/stability_v1.0_frfcfs_w3_r50_s1
v1.0,frfcfs,random,50,2,0.24906600249066002,63,81,81,89,2210,2000,8030,build/runs/stability_v1.0_frfcfs_w3_r50_s2
v1.0,frfcfs,random,50,3,0.24906600249066002,63,81,81,89,2210,2000,8030,build/runs/stability_v1.0_frfcfs_w3_r50_s3
v1.0,frfcfs,random,50,4,0.24906600249066002,63,81,81,89,2210,2000,8030,build/runs/stability_v1.0_frfcfs_w3_r50_s4
v1.0,frfcfs,random,50,5,0.24906600249066002,63,81,81,87,2210,2000,8030,build/runs/stability_v1.0_frfcfs_w3_r50_s5
v1.0,frfcfs,random,50,6,0.24906600249066002,63,81,81,91,2210,2000,8030,build/runs/stability_v1.0_frfcfs_w3_r50_s6
v1.0,frfcfs,random,50,7,0.24906600249066002,63,81,81,89,2210,2000,8030,build/runs/stability_v1.0_frfcfs_w3_r50_s7
v1.0,frfcfs,random,50,8,0.24906600249066002,63,81,81,87,2210,2000,8030,build/runs/stability_v1.0_frfcfs_w3_r50_s8
v1.0,frfcfs,random,50,9,0.24906600249066002,63,81,81,87,2210,2000,8030,build/runs/stability_v1.0_frfcfs_w3_r50_s9
v1.0,frfcfs,random,50,10,0.24906600249066002,63,81,81,85,2210,2000,8030,build/runs/stability_v1.0_frfcfs_w3_r50_s10
v1.0,frfcfs,random,50,11,0.24906600249066002,63,81,81,87,2210,2000,8030,build/runs/stability_v1.0_frfcfs_w3_r50_s11
v1.0,frfcfs,random,50,12,0.24906600249066002,63,81,81,87,2210,2000,8030,build/runs/stability_v1.0_frfcfs_w3_r50_s12
v1.0,frfcfs,random,50,13,0.24906600249066002,63,81,81,93,2210,2000,8030,build/runs/stability_v1.0_frfcfs_w3_r50_s13
v1.0,frfcfs,random,50,14,0.24906600249066002,62.973,81,81,87,2210,2000,8030,build/runs/stability_v1.0_frfcfs_w3_r50_s14
v1.0,frfcfs,random,50,15,0.24906600249066002,63,81,81,89,2210,2000,8030,build/runs/stability_v1.0_frfcfs_w3_r50_s15
v1.0,frfcfs,random,50,16,0.24906600249066002,63,81,83,91,2210,2000,8030,build/runs/stability_v1.0_frfcfs_w3_r50_s16
v1.0,frfcfs,random,50,17,0.24906600249066002,63,81,83,89,2210,2000,8030,build/runs/stability_v1.0_frfcfs_w3_r50_s17
v1.0,frfcfs,random,50,18,0.24897298643097224,63.0015,81,81,87,2210,2000,8033,build/runs/stability_v1.0_frfcfs_w3_r50_s18
v1.0,frfcfs,random,50,19,0.24906600249066002,63,81,81,89,2210,2000,8030,build/runs/stability_v1.0_frfcfs_w3_r50_s19
v1.0,frfcfs,random,50,42,0.24906600249066002,63,81,81,91,2210,2000,8030,build/runs/stability_v1.0_frfcfs_w3_r50_s42
v1.0,frfcfs_aging,random,50,1,0.24906600249066002,63,81,81,89,2210,2000,8030,build/runs/stability_v1.0_frfcfs_aging_w3_r50_s1
v1.0,frfcfs_aging,random,50,2,0.24906600249066002,63,81,81,89,2210,2000,8030,build/runs/stability_v1.0_frfcfs_aging_w3_r50_s2
v1.0,frfcfs_aging,random,50,3,0.24906600249066002,63,81,81,89,2210,2000,8030,build/runs/stability_v1.0_frfcfs_aging_w3_r50_s3
v1.0,frfcfs_aging,random,50,4,0.24906600249066002,63,81,81,89,2210,2000,8030,build/runs/stability_v1.0_frfcfs_aging_w3_r50_s4
v1.0,frfcfs_aging,random,50,5,0.24906600249066002,63,81,81,87,2210,2000,8030,build/runs/stability_v1.0_frfcfs_aging_w3_r50_s5
v1.0,frfcfs_aging,random,50,6,0.24906600249066002,63,81,81,91,2210,2000,8030,build/runs/stability_v1.0_frfcfs_aging_w3_r50_s6
v1.0,frfcfs_aging,random,50,7,0.24906600249066002,63,81,81,89,2210,2000,8030,build/runs/stability_v1.0_frfcfs_aging_w3_r50_s7
v1.0,frfcfs_aging,random,50,8,0.24906600249066002,63,81,81,87,2210,2000,8030,build/runs/stability_v1.0_frfcfs_aging_w3_r50_s8
v1.0,frfcfs_aging,random,50,9,0.24906600249066002,63,81,81,87,2210,2000,8030,build/runs/stability_v1.0_frfcfs_aging_w3_r50_s9
v1.0,frfcfs_aging,random,50,10,0.24906600249066002,63,81,81,85,2210,2000,8030,build/runs/stability_v1.0_frfcfs_aging_w3_r50_s10
v1.0,frfcfs_aging,random,50,11,0.24906600249066002,63,81,81,87,2210,2000,8030,build/runs/stability_v1.0_frfcfs_aging_w3_r50_s11
v1.0,frfcfs_aging,random,50,12,0.24906600249066002,63,81,81,87,2210,2000,8030,build/runs/stability_v1.0_frfcfs_aging_w3_r50_s12
v1.0,frfcfs_aging,random,50,13,0.24906600249066002,63,81,81,93,2210,2000,8030,build/runs/stability_v1.0_frfcfs_aging_w3_r50_s13
v1.0,frfcfs_aging,random,50,14,0.24906600249066002,62.973,81,81,87,2210,2000,8030,build/runs/stability_v1.0_frfcfs_aging_w3_r50_s14
v1.0,frfcfs_aging,random,50,15,0.24906600249066002,63,81,81,89,2210,2000,8030,build/runs/stability_v1.0_frfcfs_aging_w3_r50_s15
v1.0,frfcfs_aging,random,50,16,0.24906600249066002,63,81,83,91,2210,2000,8030,build/runs/stability_v1.0_frfcfs_aging_w3_r50_s16
v1.0,frfcfs_aging,random,50,17,0.24906600249066002,63,81,83,89,2210,2000,8030,build/runs/stability_v1.0_frfcfs_aging_w3_r50_s17
v1.0,frfcfs_aging,random,50,18,0.24897298643097224,63.0015,81,81,87,2210,2000,8033,build/runs/stability_v1.0_frfcfs_aging_w3_r50_s18
v1.0,frfcfs_aging,random,50,19,0.24906600249066002,63,81,81,89,2210,2000,8030,build/runs/stability_v1.0_frfcfs_aging_w3_r50_s19
v1.0,frfcfs_aging,random,50,42,0.24906600249066002,63,81,81,91,2210,2000,8030,build/runs/stability_v1.0_frfcfs_aging_w3_r50_s42
