startpoint,endpoint,classification,worst_slack_ns
table_i/done_reg_4_,table_i/done_reg_4_,register-to-register,-0.002538
table_i/done_reg_0_,table_i/done_reg_0_,register-to-register,-0.002538
table_i/done_reg_5_,table_i/done_reg_5_,register-to-register,-0.002538
table_i/done_reg_6_,table_i/done_reg_6_,register-to-register,-0.002538
table_i/done_reg_14_,table_i/done_reg_14_,register-to-register,-0.000714
table_i/done_reg_15_,table_i/done_reg_15_,register-to-register,-0.000714
table_i/done_reg_8_,table_i/done_reg_8_,register-to-register,-0.000714
table_i/done_reg_10_,table_i/done_reg_10_,register-to-register,-0.000714
table_i/done_reg_11_,table_i/done_reg_11_,register-to-register,-0.000714
table_i/done_reg_12_,table_i/done_reg_12_,register-to-register,-0.000714
table_i/done_reg_13_,table_i/done_reg_13_,register-to-register,-0.000714
banks_i/ras_reg_1__2_,banks_i/ras_reg_1__2_,register-to-register,-0.000659
table_i/done_reg_9_,table_i/done_reg_9_,register-to-register,-0.000608
banks_i/rcd_reg_1__1_,banks_i/rcd_reg_1__1_,register-to-register,-0.000467
