policy,queue_depth,clock_ns,area_um2,combinational_area_um2,sequential_area_um2,setup_worst_slack_ns,setup_wns_ns,setup_tns_ns,setup_violation_count,worst_hold_slack_ns,hold_violation_count,unconstrained_endpoint_count,critical_startpoint,critical_endpoint,critical_logic_description,setup_pass,max_capacitance_violation_count,zero_allowed_load_violation_count,synthesis_warnings
strict_fcfs,4,5,13332.812688,9240.047479,4092.765209,1.98086,0,0,0,-0.050676,6,0,rst,table_i/write_data_reg[109],reset fanout and register/output gating,True,558,558,"{""check_design.rpt"": {}, ""check_timing.rpt"": {}, ""tool.log"": {""LINT-1"": 20, ""LINT-2"": 56, ""VER-318"": 14}}"
strict_fcfs,8,5,28340.557077,20609.778349,7730.778728,2.163412,0,0,0,-0.003097,7,0,rst,table_i/addresses_reg[78],reset fanout and register/output gating,True,2255,2255,"{""check_design.rpt"": {}, ""check_timing.rpt"": {}, ""tool.log"": {""LINT-1"": 24, ""LINT-2"": 104, ""VER-318"": 14}}"
strict_fcfs,16,20,76559.253659,60850.375108,15708.878551,15.900673,0,0,0,-0.002538,11,0,table_i/occupied_reg[0],table_i/addresses_reg[121],occupancy/free-slot admission logic -> request-ready/acceptance gating -> allocation/address-register write-enable logic,True,5172,5172,"{""check_design.rpt"": {}, ""check_timing.rpt"": {""TIM-134"": 1}, ""tool.log"": {""LINT-1"": 32, ""LINT-2"": 196, ""TIM-134"": 1, ""VER-318"": 14}}"
strict_fcfs,16,10,76533.91146,60825.032909,15708.878551,5.900458,0,0,0,-0.002538,11,0,table_i/occupied_reg[0],table_i/addresses_reg[121],occupancy/free-slot admission logic -> request-ready/acceptance gating -> allocation/address-register write-enable logic,True,5179,5179,"{""check_design.rpt"": {}, ""check_timing.rpt"": {""TIM-134"": 1}, ""tool.log"": {""LINT-1"": 32, ""LINT-2"": 196, ""TIM-134"": 1, ""VER-318"": 14}}"
strict_fcfs,16,8,76547.99046,60839.111908,15708.878551,3.948955,0,0,0,-0.002538,11,0,table_i/occupied_reg[0],table_i/addresses_reg[9],occupancy/free-slot admission logic -> request-ready/acceptance gating -> allocation/address-register write-enable logic,True,5179,5179,"{""check_design.rpt"": {}, ""check_timing.rpt"": {""TIM-134"": 1}, ""tool.log"": {""LINT-1"": 32, ""LINT-2"": 196, ""TIM-134"": 1, ""VER-318"": 14}}"
strict_fcfs,16,5,76533.91146,60825.032909,15708.878551,0.900459,0,0,0,-0.002538,11,0,table_i/occupied_reg[0],table_i/addresses_reg[121],occupancy/free-slot admission logic -> request-ready/acceptance gating -> allocation/address-register write-enable logic,True,5179,5179,"{""check_design.rpt"": {}, ""check_timing.rpt"": {""TIM-134"": 1}, ""tool.log"": {""LINT-1"": 32, ""LINT-2"": 196, ""TIM-134"": 1, ""VER-318"": 14}}"
strict_fcfs,16,4,76618.854759,60909.976207,15708.878551,0.282022,0,0,0,-0.002538,11,0,table_i/occupied_reg[0],table_i/write_data_reg[55],transaction-table registers/data logic,True,5179,5179,"{""check_design.rpt"": {}, ""check_timing.rpt"": {""TIM-134"": 1}, ""tool.log"": {""LINT-1"": 32, ""LINT-2"": 196, ""TIM-134"": 1, ""VER-318"": 14}}"
strict_fcfs,16,3,76780.763256,61071.884705,15708.878551,1.6e-05,0,0,0,-0.002538,11,0,table_i/occupied_reg[0],table_i/addresses_reg[169],occupancy/free-slot admission logic -> request-ready/acceptance gating -> allocation/address-register write-enable logic,True,5178,5178,"{""check_design.rpt"": {}, ""check_timing.rpt"": {""TIM-134"": 1}, ""tool.log"": {""LINT-1"": 32, ""LINT-2"": 196, ""TIM-134"": 1, ""VER-318"": 14}}"
strict_fcfs,16,2,79083.618319,63374.739768,15708.878551,-0.220549,-0.220549,-0.592932,3,-0.035258,12,0,rst,rsp_valid,reset output masking -> host response-valid output,False,4862,4862,"{""check_design.rpt"": {}, ""check_timing.rpt"": {""TIM-134"": 1}, ""tool.log"": {""LINT-1"": 32, ""LINT-2"": 196, ""TIM-134"": 1, ""VER-318"": 14}}"
strict_fcfs,32,5,227142.133024,192477.289293,34664.843731,0.007261,0,0,0,-0.000716,19,0,table_i/occupied_reg[2],table_i/addresses_reg[478],occupancy/free-slot admission logic -> allocation/address-register write-enable logic,True,18707,18707,"{""check_design.rpt"": {}, ""check_timing.rpt"": {""TIM-134"": 1}, ""tool.log"": {""LINT-1"": 48, ""LINT-2"": 376, ""TIM-134"": 1, ""VER-318"": 14}}"
frfcfs,4,5,13618.147084,9501.447576,4116.699509,0.842307,0,0,0,-0.050676,9,0,table_i/addresses_reg[48],cmd_bank[0],transaction-table registers/data logic -> dependency/row-hit and bank-candidate selection -> FR-FCFS arbitration -> command decode/output,True,615,615,"{""check_design.rpt"": {""LINT-28"": 108, ""LINT-52"": 1}, ""check_timing.rpt"": {}, ""tool.log"": {""LINT-1"": 21, ""LINT-2"": 15, ""LINT-28"": 108, ""LINT-52"": 1, ""VER-318"": 17, ""VO-4"": 1}}"
frfcfs,8,5,28976.927867,21214.23674,7762.691128,0.329056,0,0,0,-0.003097,7,0,table_i/addresses_reg[112],cmd_wdata[9],transaction-table registers/data logic -> dependency/row-hit and bank-candidate selection -> FR-FCFS arbitration -> command write-data mux/output,True,2360,2360,"{""check_design.rpt"": {""LINT-28"": 208, ""LINT-52"": 1}, ""check_timing.rpt"": {}, ""tool.log"": {""LINT-1"": 25, ""LINT-2"": 28, ""LINT-28"": 208, ""LINT-52"": 1, ""VER-318"": 17, ""VO-4"": 1}}"
frfcfs,16,20,78244.979228,62496.210177,15748.769051,14.010666,0,0,0,-0.002538,11,0,table_i/addresses_reg[240],cmd_wdata[21],transaction-table registers/data logic -> dependency/row-hit and bank-candidate selection -> FR-FCFS arbitration -> command write-data mux/output,True,5452,5452,"{""check_design.rpt"": {""LINT-28"": 404, ""LINT-52"": 1}, ""check_timing.rpt"": {""TIM-134"": 1}, ""tool.log"": {""LINT-1"": 33, ""LINT-2"": 53, ""LINT-28"": 404, ""LINT-52"": 1, ""TIM-134"": 1, ""VER-318"": 17, ""VO-4"": 1}}"
frfcfs,16,10,78231.369528,62482.600477,15748.769051,3.931531,0,0,0,-0.002538,11,0,table_i/addresses_reg[240],cmd_wdata[13],transaction-table registers/data logic -> dependency/row-hit and bank-candidate selection -> FR-FCFS arbitration -> command write-data mux/output,True,5454,5454,"{""check_design.rpt"": {""LINT-28"": 404, ""LINT-52"": 1}, ""check_timing.rpt"": {""TIM-134"": 1}, ""tool.log"": {""LINT-1"": 33, ""LINT-2"": 53, ""LINT-28"": 404, ""LINT-52"": 1, ""TIM-134"": 1, ""VER-318"": 17, ""VO-4"": 1}}"
frfcfs,16,8,78231.369528,62482.600477,15748.769051,1.931531,0,0,0,-0.002538,11,0,table_i/addresses_reg[240],cmd_wdata[16],transaction-table registers/data logic -> dependency/row-hit and bank-candidate selection -> FR-FCFS arbitration -> command write-data mux/output,True,5454,5454,"{""check_design.rpt"": {""LINT-28"": 404, ""LINT-52"": 1}, ""check_timing.rpt"": {""TIM-134"": 1}, ""tool.log"": {""LINT-1"": 33, ""LINT-2"": 53, ""LINT-28"": 404, ""LINT-52"": 1, ""TIM-134"": 1, ""VER-318"": 17, ""VO-4"": 1}}"
frfcfs,16,5,78519.519724,62770.750673,15748.769051,0.001791,0,0,0,-0.002538,11,0,table_i/addresses_reg[112],cmd_wdata[16],transaction-table registers/data logic -> dependency/row-hit and bank-candidate selection -> FR-FCFS arbitration -> command write-data mux/output,True,5469,5469,"{""check_design.rpt"": {""LINT-28"": 404, ""LINT-52"": 1}, ""check_timing.rpt"": {""TIM-134"": 1}, ""tool.log"": {""LINT-1"": 33, ""LINT-2"": 53, ""LINT-28"": 404, ""LINT-52"": 1, ""TIM-134"": 1, ""VER-318"": 17, ""VO-4"": 1}}"
frfcfs,16,4,81883.462105,66134.693054,15748.769051,8.5e-05,0,0,0,-0.050676,20,0,table_i/addresses_reg[247],cmd_wdata[2],transaction-table registers/data logic -> dependency/row-hit and bank-candidate selection -> FR-FCFS arbitration -> command write-data mux/output,True,5675,5675,"{""check_design.rpt"": {""LINT-28"": 404, ""LINT-52"": 1}, ""check_timing.rpt"": {""TIM-134"": 1}, ""tool.log"": {""LINT-1"": 33, ""LINT-2"": 53, ""LINT-28"": 404, ""LINT-52"": 1, ""TIM-134"": 1, ""VER-318"": 17, ""VO-4"": 1}}"
frfcfs,16,3,87495.820756,71747.051705,15748.769051,-0.297604,-0.297604,-15.126799,62,-0.014064,257,0,table_i/addresses_reg[137],cmd_op[0],transaction-table registers/data logic -> dependency/row-hit and bank-candidate selection -> FR-FCFS arbitration -> command decode/output,False,6495,6495,"{""check_design.rpt"": {""LINT-28"": 404, ""LINT-52"": 1}, ""check_timing.rpt"": {""TIM-134"": 1}, ""tool.log"": {""LINT-1"": 33, ""LINT-2"": 53, ""LINT-28"": 404, ""LINT-52"": 1, ""TIM-134"": 1, ""VER-318"": 17, ""VO-4"": 1}}"
frfcfs,16,2,89754.092322,74005.323272,15748.769051,-1.233525,-1.233525,-517.775752,804,-0.036871,259,0,table_i/addresses_reg[243],cmd_wdata[3],transaction-table registers/data logic -> dependency/row-hit and bank-candidate selection -> FR-FCFS arbitration -> command write-data mux/output,False,6206,6206,"{""check_design.rpt"": {""LINT-28"": 404, ""LINT-52"": 1}, ""check_timing.rpt"": {""TIM-134"": 1}, ""tool.log"": {""LINT-1"": 33, ""LINT-2"": 53, ""LINT-28"": 404, ""LINT-52"": 1, ""TIM-134"": 1, ""VER-318"": 17, ""VO-4"": 1}}"
frfcfs,32,5,237259.302387,202546.590058,34712.71233,2.5e-05,0,0,0,-0.050676,48,0,table_i/addresses_reg[86],cmd_row[1],transaction-table registers/data logic -> dependency/row-hit and bank-candidate selection -> FR-FCFS arbitration -> command decode/output,True,20520,20520,"{""check_design.rpt"": {""LINT-28"": 792, ""LINT-52"": 1}, ""check_timing.rpt"": {""TIM-134"": 1}, ""tool.log"": {""LINT-1"": 49, ""LINT-2"": 102, ""LINT-28"": 792, ""LINT-52"": 1, ""TIM-134"": 1, ""VER-318"": 17, ""VO-4"": 1}}"
frfcfs_aging,4,5,14036.76268,9920.063171,4116.699509,0.709369,0,0,0,-0.050676,8,0,table_i/addresses_reg[48],cmd_bank[0],transaction-table registers/data logic -> dependency/row-hit and bank-candidate selection -> FR-FCFS arbitration -> command decode/output,True,662,662,"{""check_design.rpt"": {""LINT-28"": 56}, ""check_timing.rpt"": {}, ""tool.log"": {""LINT-1"": 26, ""LINT-2"": 15, ""VER-318"": 17}}"
frfcfs_aging,8,5,29707.158657,21944.467529,7762.691128,0.144343,0,0,0,-0.003097,7,0,table_i/addresses_reg[112],cmd_wdata[28],transaction-table registers/data logic -> dependency/row-hit and bank-candidate selection -> FR-FCFS arbitration -> command write-data mux/output,True,2476,2476,"{""check_design.rpt"": {""LINT-28"": 112}, ""check_timing.rpt"": {}, ""tool.log"": {""LINT-1"": 29, ""LINT-2"": 28, ""VER-318"": 17}}"
frfcfs_aging,16,20,79912.402091,64163.63304,15748.769051,13.727005,0,0,0,-0.002538,15,0,table_i/addresses_reg[240],cmd_bank[0],transaction-table registers/data logic -> dependency/row-hit and bank-candidate selection -> FR-FCFS arbitration -> command decode/output,True,5488,5488,"{""check_design.rpt"": {""LINT-28"": 224}, ""check_timing.rpt"": {""TIM-134"": 1}, ""tool.log"": {""LINT-1"": 38, ""LINT-2"": 53, ""TIM-134"": 1, ""VER-318"": 17}}"
frfcfs_aging,16,10,79910.99419,64162.225139,15748.769051,3.727005,0,0,0,-0.002538,15,0,table_i/addresses_reg[240],cmd_bank[0],transaction-table registers/data logic -> dependency/row-hit and bank-candidate selection -> FR-FCFS arbitration -> command decode/output,True,5483,5483,"{""check_design.rpt"": {""LINT-28"": 224}, ""check_timing.rpt"": {""TIM-134"": 1}, ""tool.log"": {""LINT-1"": 38, ""LINT-2"": 53, ""TIM-134"": 1, ""VER-318"": 17}}"
frfcfs_aging,16,8,79910.99419,64162.225139,15748.769051,1.727006,0,0,0,-0.002538,15,0,table_i/addresses_reg[240],cmd_bank[0],transaction-table registers/data logic -> dependency/row-hit and bank-candidate selection -> FR-FCFS arbitration -> command decode/output,True,5483,5483,"{""check_design.rpt"": {""LINT-28"": 224}, ""check_timing.rpt"": {""TIM-134"": 1}, ""tool.log"": {""LINT-1"": 38, ""LINT-2"": 53, ""TIM-134"": 1, ""VER-318"": 17}}"
frfcfs_aging,16,5,80975.366581,65226.597531,15748.769051,0.001615,0,0,0,-0.002538,14,0,table_i/addresses_reg[80],cmd_wdata[9],transaction-table registers/data logic -> dependency/row-hit and bank-candidate selection -> FR-FCFS arbitration -> command write-data mux/output,True,5556,5556,"{""check_design.rpt"": {""LINT-28"": 224}, ""check_timing.rpt"": {""TIM-134"": 1}, ""tool.log"": {""LINT-1"": 38, ""LINT-2"": 53, ""TIM-134"": 1, ""VER-318"": 17}}"
frfcfs_aging,16,4,83993.904183,68245.135132,15748.769051,0.000617,0,0,0,-0.002538,11,0,table_i/addresses_reg[241],cmd_wdata[22],transaction-table registers/data logic -> dependency/row-hit and bank-candidate selection -> FR-FCFS arbitration -> command write-data mux/output,True,6116,6116,"{""check_design.rpt"": {""LINT-28"": 224}, ""check_timing.rpt"": {""TIM-134"": 1}, ""tool.log"": {""LINT-1"": 38, ""LINT-2"": 53, ""TIM-134"": 1, ""VER-318"": 17}}"
frfcfs_aging,16,3,90281.585513,74532.816463,15748.769051,-0.375142,-0.375142,-18.655097,51,-0.014064,256,0,table_i/addresses_reg[160],cmd_wdata[26],transaction-table registers/data logic -> dependency/row-hit and bank-candidate selection -> FR-FCFS arbitration -> command write-data mux/output,False,6731,6731,"{""check_design.rpt"": {""LINT-28"": 224}, ""check_timing.rpt"": {""TIM-134"": 1}, ""tool.log"": {""LINT-1"": 38, ""LINT-2"": 53, ""TIM-134"": 1, ""VER-318"": 17}}"
frfcfs_aging,16,2,92186.474174,76437.705124,15748.769051,-1.419572,-1.419572,-683.875466,706,-0.030616,257,0,table_i/addresses_reg[173],cmd_wdata[11],transaction-table registers/data logic -> dependency/row-hit and bank-candidate selection -> FR-FCFS arbitration -> command write-data mux/output,False,6244,6244,"{""check_design.rpt"": {""LINT-28"": 224}, ""check_timing.rpt"": {""TIM-134"": 1}, ""tool.log"": {""LINT-1"": 38, ""LINT-2"": 53, ""TIM-134"": 1, ""VER-318"": 17}}"
frfcfs_aging,32,5,241478.778617,206766.066287,34712.71233,1e-06,0,0,0,-0.050676,33,0,table_i/occupied_reg[2],table_i/addresses_reg[319],occupancy/free-slot admission logic -> allocation/address-register write-enable logic,True,20694,20694,"{""check_design.rpt"": {""LINT-28"": 448}, ""check_timing.rpt"": {""TIM-134"": 1}, ""tool.log"": {""LINT-1"": 53, ""LINT-2"": 102, ""TIM-134"": 1, ""VER-318"": 17}}"
