startpoint,endpoint,arrival_ns,required_ns,slack_ns,rank,select_mask,mask_fanout,mask_capacitance_ff,cell_arcs,clock_to_q_ns,address_comparison_distribution_ns,bank_candidates_ns,scheduler_ns,command_mux_ns
table_i/addresses_reg_146_,cmd_op[0],1.968773,1.9,-0.068773,1,select_mask[5],1,5.0920000000000005,71,0.101875,0.237142,0.756054,0.636239,0.237463
table_i/addresses_reg_7_,cmd_col[1],1.968769,1.9,-0.068769,2,select_mask[4],50,130.56300000000002,66,0.113515,0.229443,0.777048,0.686411,0.162352
table_i/addresses_reg_7_,cmd_wdata[30],1.968769,1.9,-0.068769,3,select_mask[4],50,130.56300000000002,66,0.113515,0.229443,0.777048,0.686411,0.162352
table_i/addresses_reg_7_,cmd_wdata[29],1.968769,1.9,-0.068769,4,select_mask[4],50,130.56300000000002,66,0.113515,0.229443,0.777048,0.686411,0.162352
table_i/addresses_reg_7_,cmd_wdata[27],1.968769,1.9,-0.068769,5,select_mask[4],50,130.56300000000002,66,0.113515,0.229443,0.777048,0.686411,0.162352
table_i/addresses_reg_7_,cmd_wdata[26],1.968769,1.9,-0.068769,6,select_mask[4],50,130.56300000000002,66,0.113515,0.229443,0.777048,0.686411,0.162352
table_i/addresses_reg_7_,cmd_wdata[25],1.968769,1.9,-0.068769,7,select_mask[4],50,130.56300000000002,66,0.113515,0.229443,0.777048,0.686411,0.162352
table_i/addresses_reg_7_,cmd_wdata[6],1.968769,1.9,-0.068769,8,select_mask[4],50,130.56300000000002,66,0.113515,0.229443,0.777048,0.686411,0.162352
table_i/addresses_reg_7_,cmd_wdata[28],1.968769,1.9,-0.068769,9,select_mask[4],50,130.56300000000002,66,0.113515,0.229443,0.777048,0.686411,0.162352
table_i/addresses_reg_7_,cmd_wdata[24],1.968759,1.9,-0.068759,10,select_mask[4],50,130.56300000000002,66,0.113515,0.229443,0.777048,0.686411,0.162342
table_i/addresses_reg_7_,cmd_wdata[16],1.968759,1.9,-0.068759,11,select_mask[4],50,130.56300000000002,66,0.113515,0.229443,0.777048,0.686411,0.162342
table_i/addresses_reg_7_,cmd_wdata[13],1.968759,1.9,-0.068759,12,select_mask[4],50,130.56300000000002,66,0.113515,0.229443,0.777048,0.686411,0.162342
table_i/addresses_reg_7_,cmd_wdata[11],1.968759,1.9,-0.068759,13,select_mask[4],50,130.56300000000002,66,0.113515,0.229443,0.777048,0.686411,0.162342
table_i/addresses_reg_7_,cmd_wdata[5],1.968759,1.9,-0.068759,14,select_mask[4],50,130.56300000000002,66,0.113515,0.229443,0.777048,0.686411,0.162342
table_i/addresses_reg_7_,cmd_wdata[2],1.968759,1.9,-0.068759,15,select_mask[4],50,130.56300000000002,66,0.113515,0.229443,0.777048,0.686411,0.162342
table_i/addresses_reg_7_,cmd_wdata[8],1.968759,1.9,-0.068759,16,select_mask[4],50,130.56300000000002,66,0.113515,0.229443,0.777048,0.686411,0.162342
table_i/addresses_reg_7_,cmd_wdata[20],1.968759,1.9,-0.068759,17,select_mask[4],50,130.56300000000002,66,0.113515,0.229443,0.777048,0.686411,0.162342
table_i/addresses_reg_7_,cmd_wdata[19],1.968759,1.9,-0.068759,18,select_mask[4],50,130.56300000000002,66,0.113515,0.229443,0.777048,0.686411,0.162342
table_i/addresses_reg_7_,cmd_wdata[12],1.968759,1.9,-0.068759,19,select_mask[4],50,130.56300000000002,66,0.113515,0.229443,0.777048,0.686411,0.162342
table_i/addresses_reg_7_,cmd_wdata[10],1.968759,1.9,-0.068759,20,select_mask[4],50,130.56300000000002,66,0.113515,0.229443,0.777048,0.686411,0.162342
