library_pin	direction	max_capacitance_library_units
gscl45nm/XOR2X1/Y	out	0.223282
gscl45nm/XNOR2X1/Y	out	0.228324
gscl45nm/TBUFX2/Y	out	0.489120
gscl45nm/TBUFX1/Y	out	0.000000
gscl45nm/OR2X2/Y	out	0.519729
gscl45nm/OR2X1/Y	out	0.070030
gscl45nm/OAI21X1/Y	out	0.229396
gscl45nm/NOR3X1/Y	out	0.096899
gscl45nm/NOR2X1/Y	out	0.000000
gscl45nm/NAND3X1/Y	out	0.000000
gscl45nm/NAND2X1/Y	out	0.000000
gscl45nm/MUX2X1/Y	out	0.075078
gscl45nm/LATCH/Q	out	0.485757
gscl45nm/INVX8/Y	out	2.081990
gscl45nm/INVX4/Y	out	1.041050
gscl45nm/INVX2/Y	out	0.518681
gscl45nm/INVX1/Y	out	0.238796
gscl45nm/HAX1/YC	out	0.222356
gscl45nm/HAX1/YS	out	0.146610
gscl45nm/FAX1/YC	out	0.175491
gscl45nm/FAX1/YS	out	0.106625
gscl45nm/DFFSR/Q	out	0.000000
gscl45nm/DFFPOSX1/Q	out	0.490882
gscl45nm/DFFNEGX1/Q	out	0.499310
gscl45nm/CLKBUF3/Y	out	0.923974
gscl45nm/CLKBUF2/Y	out	0.949224
gscl45nm/CLKBUF1/Y	out	1.017510
gscl45nm/BUFX4/Y	out	0.999277
gscl45nm/BUFX2/Y	out	0.518678
gscl45nm/AOI22X1/Y	out	0.000000
gscl45nm/AOI21X1/Y	out	0.000000
gscl45nm/AND2X2/Y	out	0.505125
gscl45nm/AND2X1/Y	out	0.137429
